lot_id,wafer_id,chamber_id,metro_tool_id,site_id,x_mm,y_mm,thickness,r_mm
L01,L01-A,A,M1,1,0.0,0.0,19.9883,0.0
L01,L01-A,A,M1,2,49.0,0.0,20.0251,49.0
L01,L01-A,A,M1,3,34.65,34.65,20.0289,49.00249993622774
L01,L01-A,A,M1,4,0.0,49.0,19.971,49.0
L01,L01-A,A,M1,5,-34.65,34.65,19.984,49.00249993622774
L01,L01-A,A,M1,6,-49.0,0.0,20.0126,49.0
L01,L01-A,A,M1,7,-34.65,-34.65,20.0037,49.00249993622774
L01,L01-A,A,M1,8,-0.0,-49.0,20.0097,49.0
L01,L01-A,A,M1,9,34.65,-34.65,19.993,49.00249993622774
L01,L01-A,A,M1,10,98.0,0.0,20.0413,98.0
L01,L01-A,A,M1,11,90.54,37.5,20.0393,97.99868162378513
L01,L01-A,A,M1,12,69.3,69.3,20.025,98.00499987245549
L01,L01-A,A,M1,13,37.5,90.54,20.0463,97.99868162378513
L01,L01-A,A,M1,14,0.0,98.0,20.0331,98.0
L01,L01-A,A,M1,15,-37.5,90.54,20.0065,97.99868162378513
L01,L01-A,A,M1,16,-69.3,69.3,20.0311,98.00499987245549
L01,L01-A,A,M1,17,-90.54,37.5,20.0045,97.99868162378513
L01,L01-A,A,M1,18,-98.0,0.0,20.0413,98.0
L01,L01-A,A,M1,19,-90.54,-37.5,20.0227,97.99868162378513
L01,L01-A,A,M1,20,-69.3,-69.3,20.02,98.00499987245549
L01,L01-A,A,M1,21,-37.5,-90.54,20.0101,97.99868162378513
L01,L01-A,A,M1,22,-0.0,-98.0,20.0482,98.0
L01,L01-A,A,M1,23,37.5,-90.54,20.0206,97.99868162378513
L01,L01-A,A,M1,24,69.3,-69.3,20.0152,98.00499987245549
L01,L01-A,A,M1,25,90.54,-37.5,20.0167,97.99868162378513
L01,L01-A,A,M1,26,147.0,0.0,20.0936,147.0
L01,L01-A,A,M1,27,141.99,38.05,20.0902,146.99987278906062
L01,L01-A,A,M1,28,127.31,73.5,20.0912,147.00369417126905
L01,L01-A,A,M1,29,103.94,103.94,20.0915,146.9933576730595
L01,L01-A,A,M1,30,73.5,127.31,20.1258,147.00369417126905
L01,L01-A,A,M1,31,38.05,141.99,20.0748,146.99987278906062
L01,L01-A,A,M1,32,0.0,147.0,20.0727,147.0
L01,L01-A,A,M1,33,-38.05,141.99,20.0667,146.99987278906062
L01,L01-A,A,M1,34,-73.5,127.31,20.0953,147.00369417126905
L01,L01-A,A,M1,35,-103.94,103.94,20.1055,146.9933576730595
L01,L01-A,A,M1,36,-127.31,73.5,20.0807,147.00369417126905
L01,L01-A,A,M1,37,-141.99,38.05,20.0661,146.99987278906062
L01,L01-A,A,M1,38,-147.0,0.0,20.0664,147.0
L01,L01-A,A,M1,39,-141.99,-38.05,20.0959,146.99987278906062
L01,L01-A,A,M1,40,-127.31,-73.5,20.0978,147.00369417126905
L01,L01-A,A,M1,41,-103.94,-103.94,20.0938,146.9933576730595
L01,L01-A,A,M1,42,-73.5,-127.31,20.0696,147.00369417126905
L01,L01-A,A,M1,43,-38.05,-141.99,20.0876,146.99987278906062
L01,L01-A,A,M1,44,-0.0,-147.0,20.0853,147.0
L01,L01-A,A,M1,45,38.05,-141.99,20.0873,146.99987278906062
L01,L01-A,A,M1,46,73.5,-127.31,20.1004,147.00369417126905
L01,L01-A,A,M1,47,103.94,-103.94,20.0874,146.9933576730595
L01,L01-A,A,M1,48,127.31,-73.5,20.0965,147.00369417126905
L01,L01-A,A,M1,49,141.99,-38.05,20.0843,146.99987278906062
L01,L01-B,B,M1,1,0.0,0.0,20.0213,0.0
L01,L01-B,B,M1,2,49.0,0.0,19.9804,49.0
L01,L01-B,B,M1,3,34.65,34.65,20.0032,49.00249993622774
L01,L01-B,B,M1,4,0.0,49.0,20.0002,49.0
L01,L01-B,B,M1,5,-34.65,34.65,19.9968,49.00249993622774
L01,L01-B,B,M1,6,-49.0,0.0,20.0041,49.0
L01,L01-B,B,M1,7,-34.65,-34.65,20.0395,49.00249993622774
L01,L01-B,B,M1,8,-0.0,-49.0,19.9923,49.0
L01,L01-B,B,M1,9,34.65,-34.65,20.029,49.00249993622774
L01,L01-B,B,M1,10,98.0,0.0,19.9896,98.0
L01,L01-B,B,M1,11,90.54,37.5,20.0166,97.99868162378513
L01,L01-B,B,M1,12,69.3,69.3,20.0265,98.00499987245549
L01,L01-B,B,M1,13,37.5,90.54,20.035,97.99868162378513
L01,L01-B,B,M1,14,0.0,98.0,20.0375,98.0
L01,L01-B,B,M1,15,-37.5,90.54,20.0391,97.99868162378513
L01,L01-B,B,M1,16,-69.3,69.3,20.0163,98.00499987245549
L01,L01-B,B,M1,17,-90.54,37.5,20.014,97.99868162378513
L01,L01-B,B,M1,18,-98.0,0.0,20.0404,98.0
L01,L01-B,B,M1,19,-90.54,-37.5,20.0194,97.99868162378513
L01,L01-B,B,M1,20,-69.3,-69.3,19.9977,98.00499987245549
L01,L01-B,B,M1,21,-37.5,-90.54,20.0006,97.99868162378513
L01,L01-B,B,M1,22,-0.0,-98.0,20.0049,98.0
L01,L01-B,B,M1,23,37.5,-90.54,20.0332,97.99868162378513
L01,L01-B,B,M1,24,69.3,-69.3,20.0261,98.00499987245549
L01,L01-B,B,M1,25,90.54,-37.5,20.0371,97.99868162378513
L01,L01-B,B,M1,26,147.0,0.0,20.0739,147.0
L01,L01-B,B,M1,27,141.99,38.05,20.0856,146.99987278906062
L01,L01-B,B,M1,28,127.31,73.5,20.095,147.00369417126905
L01,L01-B,B,M1,29,103.94,103.94,20.0763,146.9933576730595
L01,L01-B,B,M1,30,73.5,127.31,20.0916,147.00369417126905
L01,L01-B,B,M1,31,38.05,141.99,20.0692,146.99987278906062
L01,L01-B,B,M1,32,0.0,147.0,20.0752,147.0
L01,L01-B,B,M1,33,-38.05,141.99,20.0748,146.99987278906062
L01,L01-B,B,M1,34,-73.5,127.31,20.0585,147.00369417126905
L01,L01-B,B,M1,35,-103.94,103.94,20.0922,146.9933576730595
L01,L01-B,B,M1,36,-127.31,73.5,20.0731,147.00369417126905
L01,L01-B,B,M1,37,-141.99,38.05,20.0827,146.99987278906062
L01,L01-B,B,M1,38,-147.0,0.0,20.0921,147.0
L01,L01-B,B,M1,39,-141.99,-38.05,20.0914,146.99987278906062
L01,L01-B,B,M1,40,-127.31,-73.5,20.0958,147.00369417126905
L01,L01-B,B,M1,41,-103.94,-103.94,20.0805,146.9933576730595
L01,L01-B,B,M1,42,-73.5,-127.31,20.074,147.00369417126905
L01,L01-B,B,M1,43,-38.05,-141.99,20.0809,146.99987278906062
L01,L01-B,B,M1,44,-0.0,-147.0,20.0487,147.0
L01,L01-B,B,M1,45,38.05,-141.99,20.0535,146.99987278906062
L01,L01-B,B,M1,46,73.5,-127.31,20.056,147.00369417126905
L01,L01-B,B,M1,47,103.94,-103.94,20.0625,146.9933576730595
L01,L01-B,B,M1,48,127.31,-73.5,20.0905,147.00369417126905
L01,L01-B,B,M1,49,141.99,-38.05,20.0644,146.99987278906062
L02,L02-A,A,M1,1,0.0,0.0,20.0146,0.0
L02,L02-A,A,M1,2,49.0,0.0,19.9824,49.0
L02,L02-A,A,M1,3,34.65,34.65,20.0043,49.00249993622774
L02,L02-A,A,M1,4,0.0,49.0,19.9709,49.0
L02,L02-A,A,M1,5,-34.65,34.65,19.9855,49.00249993622774
L02,L02-A,A,M1,6,-49.0,0.0,19.9706,49.0
L02,L02-A,A,M1,7,-34.65,-34.65,19.9828,49.00249993622774
L02,L02-A,A,M1,8,-0.0,-49.0,20.0064,49.0
L02,L02-A,A,M1,9,34.65,-34.65,19.955,49.00249993622774
L02,L02-A,A,M1,10,98.0,0.0,20.0119,98.0
L02,L02-A,A,M1,11,90.54,37.5,20.008,97.99868162378513
L02,L02-A,A,M1,12,69.3,69.3,19.9913,98.00499987245549
L02,L02-A,A,M1,13,37.5,90.54,19.9743,97.99868162378513
L02,L02-A,A,M1,14,0.0,98.0,20.0047,98.0
L02,L02-A,A,M1,15,-37.5,90.54,19.9926,97.99868162378513
L02,L02-A,A,M1,16,-69.3,69.3,20.0079,98.00499987245549
L02,L02-A,A,M1,17,-90.54,37.5,20.0037,97.99868162378513
L02,L02-A,A,M1,18,-98.0,0.0,20.0353,98.0
L02,L02-A,A,M1,19,-90.54,-37.5,19.9984,97.99868162378513
L02,L02-A,A,M1,20,-69.3,-69.3,19.9828,98.00499987245549
L02,L02-A,A,M1,21,-37.5,-90.54,20.0068,97.99868162378513
L02,L02-A,A,M1,22,-0.0,-98.0,20.0076,98.0
L02,L02-A,A,M1,23,37.5,-90.54,20.0304,97.99868162378513
L02,L02-A,A,M1,24,69.3,-69.3,20.0199,98.00499987245549
L02,L02-A,A,M1,25,90.54,-37.5,20.0104,97.99868162378513
L02,L02-A,A,M1,26,147.0,0.0,20.0917,147.0
L02,L02-A,A,M1,27,141.99,38.05,20.0387,146.99987278906062
L02,L02-A,A,M1,28,127.31,73.5,20.0496,147.00369417126905
L02,L02-A,A,M1,29,103.94,103.94,20.0439,146.9933576730595
L02,L02-A,A,M1,30,73.5,127.31,20.0546,147.00369417126905
L02,L02-A,A,M1,31,38.05,141.99,20.0349,146.99987278906062
L02,L02-A,A,M1,32,0.0,147.0,20.0751,147.0
L02,L02-A,A,M1,33,-38.05,141.99,20.058,146.99987278906062
L02,L02-A,A,M1,34,-73.5,127.31,20.033,147.00369417126905
L02,L02-A,A,M1,35,-103.94,103.94,20.0421,146.9933576730595
L02,L02-A,A,M1,36,-127.31,73.5,20.0687,147.00369417126905
L02,L02-A,A,M1,37,-141.99,38.05,20.0792,146.99987278906062
L02,L02-A,A,M1,38,-147.0,0.0,20.1024,147.0
L02,L02-A,A,M1,39,-141.99,-38.05,20.1207,146.99987278906062
L02,L02-A,A,M1,40,-127.31,-73.5,20.0707,147.00369417126905
L02,L02-A,A,M1,41,-103.94,-103.94,20.0427,146.9933576730595
L02,L02-A,A,M1,42,-73.5,-127.31,20.0198,147.00369417126905
L02,L02-A,A,M1,43,-38.05,-141.99,20.0678,146.99987278906062
L02,L02-A,A,M1,44,-0.0,-147.0,20.0462,147.0
L02,L02-A,A,M1,45,38.05,-141.99,20.0541,146.99987278906062
L02,L02-A,A,M1,46,73.5,-127.31,20.0502,147.00369417126905
L02,L02-A,A,M1,47,103.94,-103.94,20.0596,146.9933576730595
L02,L02-A,A,M1,48,127.31,-73.5,20.0838,147.00369417126905
L02,L02-A,A,M1,49,141.99,-38.05,20.0656,146.99987278906062
L02,L02-B,B,M1,1,0.0,0.0,19.9745,0.0
L02,L02-B,B,M1,2,49.0,0.0,19.9627,49.0
L02,L02-B,B,M1,3,34.65,34.65,19.9864,49.00249993622774
L02,L02-B,B,M1,4,0.0,49.0,19.9951,49.0
L02,L02-B,B,M1,5,-34.65,34.65,20.0315,49.00249993622774
L02,L02-B,B,M1,6,-49.0,0.0,19.9988,49.0
L02,L02-B,B,M1,7,-34.65,-34.65,20.0158,49.00249993622774
L02,L02-B,B,M1,8,-0.0,-49.0,19.9862,49.0
L02,L02-B,B,M1,9,34.65,-34.65,19.9725,49.00249993622774
L02,L02-B,B,M1,10,98.0,0.0,19.9905,98.0
L02,L02-B,B,M1,11,90.54,37.5,19.9953,97.99868162378513
L02,L02-B,B,M1,12,69.3,69.3,20.0524,98.00499987245549
L02,L02-B,B,M1,13,37.5,90.54,19.9934,97.99868162378513
L02,L02-B,B,M1,14,0.0,98.0,20.0266,98.0
L02,L02-B,B,M1,15,-37.5,90.54,19.9918,97.99868162378513
L02,L02-B,B,M1,16,-69.3,69.3,20.0284,98.00499987245549
L02,L02-B,B,M1,17,-90.54,37.5,20.0175,97.99868162378513
L02,L02-B,B,M1,18,-98.0,0.0,20.0067,98.0
L02,L02-B,B,M1,19,-90.54,-37.5,20.009,97.99868162378513
L02,L02-B,B,M1,20,-69.3,-69.3,19.9967,98.00499987245549
L02,L02-B,B,M1,21,-37.5,-90.54,20.0187,97.99868162378513
L02,L02-B,B,M1,22,-0.0,-98.0,20.0007,98.0
L02,L02-B,B,M1,23,37.5,-90.54,19.9853,97.99868162378513
L02,L02-B,B,M1,24,69.3,-69.3,19.9843,98.00499987245549
L02,L02-B,B,M1,25,90.54,-37.5,20.0133,97.99868162378513
L02,L02-B,B,M1,26,147.0,0.0,20.1006,147.0
L02,L02-B,B,M1,27,141.99,38.05,20.0722,146.99987278906062
L02,L02-B,B,M1,28,127.31,73.5,20.0667,147.00369417126905
L02,L02-B,B,M1,29,103.94,103.94,20.0747,146.9933576730595
L02,L02-B,B,M1,30,73.5,127.31,20.0952,147.00369417126905
L02,L02-B,B,M1,31,38.05,141.99,20.0734,146.99987278906062
L02,L02-B,B,M1,32,0.0,147.0,20.0608,147.0
L02,L02-B,B,M1,33,-38.05,141.99,20.0912,146.99987278906062
L02,L02-B,B,M1,34,-73.5,127.31,20.0776,147.00369417126905
L02,L02-B,B,M1,35,-103.94,103.94,20.0997,146.9933576730595
L02,L02-B,B,M1,36,-127.31,73.5,20.0727,147.00369417126905
L02,L02-B,B,M1,37,-141.99,38.05,20.0445,146.99987278906062
L02,L02-B,B,M1,38,-147.0,0.0,20.0417,147.0
L02,L02-B,B,M1,39,-141.99,-38.05,20.102,146.99987278906062
L02,L02-B,B,M1,40,-127.31,-73.5,20.1035,147.00369417126905
L02,L02-B,B,M1,41,-103.94,-103.94,20.0654,146.9933576730595
L02,L02-B,B,M1,42,-73.5,-127.31,20.0614,147.00369417126905
L02,L02-B,B,M1,43,-38.05,-141.99,20.0983,146.99987278906062
L02,L02-B,B,M1,44,-0.0,-147.0,20.0469,147.0
L02,L02-B,B,M1,45,38.05,-141.99,20.0511,146.99987278906062
L02,L02-B,B,M1,46,73.5,-127.31,20.0819,147.00369417126905
L02,L02-B,B,M1,47,103.94,-103.94,20.0611,146.9933576730595
L02,L02-B,B,M1,48,127.31,-73.5,20.0689,147.00369417126905
L02,L02-B,B,M1,49,141.99,-38.05,20.0658,146.99987278906062
L03,L03-A,A,M1,1,0.0,0.0,20.0383,0.0
L03,L03-A,A,M1,2,49.0,0.0,20.0128,49.0
L03,L03-A,A,M1,3,34.65,34.65,20.0239,49.00249993622774
L03,L03-A,A,M1,4,0.0,49.0,19.97,49.0
L03,L03-A,A,M1,5,-34.65,34.65,20.0101,49.00249993622774
L03,L03-A,A,M1,6,-49.0,0.0,19.9942,49.0
L03,L03-A,A,M1,7,-34.65,-34.65,19.9867,49.00249993622774
L03,L03-A,A,M1,8,-0.0,-49.0,19.9935,49.0
L03,L03-A,A,M1,9,34.65,-34.65,20.0044,49.00249993622774
L03,L03-A,A,M1,10,98.0,0.0,20.043,98.0
L03,L03-A,A,M1,11,90.54,37.5,19.9982,97.99868162378513
L03,L03-A,A,M1,12,69.3,69.3,20.0253,98.00499987245549
L03,L03-A,A,M1,13,37.5,90.54,20.015,97.99868162378513
L03,L03-A,A,M1,14,0.0,98.0,20.0181,98.0
L03,L03-A,A,M1,15,-37.5,90.54,20.0448,97.99868162378513
L03,L03-A,A,M1,16,-69.3,69.3,20.0355,98.00499987245549
L03,L03-A,A,M1,17,-90.54,37.5,20.0515,97.99868162378513
L03,L03-A,A,M1,18,-98.0,0.0,20.0216,98.0
L03,L03-A,A,M1,19,-90.54,-37.5,20.0108,97.99868162378513
L03,L03-A,A,M1,20,-69.3,-69.3,20.0202,98.00499987245549
L03,L03-A,A,M1,21,-37.5,-90.54,20.0296,97.99868162378513
L03,L03-A,A,M1,22,-0.0,-98.0,20.0282,98.0
L03,L03-A,A,M1,23,37.5,-90.54,20.003,97.99868162378513
L03,L03-A,A,M1,24,69.3,-69.3,20.0265,98.00499987245549
L03,L03-A,A,M1,25,90.54,-37.5,20.0293,97.99868162378513
L03,L03-A,A,M1,26,147.0,0.0,20.1343,147.0
L03,L03-A,A,M1,27,141.99,38.05,20.1215,146.99987278906062
L03,L03-A,A,M1,28,127.31,73.5,20.0669,147.00369417126905
L03,L03-A,A,M1,29,103.94,103.94,20.0782,146.9933576730595
L03,L03-A,A,M1,30,73.5,127.31,20.0546,147.00369417126905
L03,L03-A,A,M1,31,38.05,141.99,20.0721,146.99987278906062
L03,L03-A,A,M1,32,0.0,147.0,20.0902,147.0
L03,L03-A,A,M1,33,-38.05,141.99,20.108,146.99987278906062
L03,L03-A,A,M1,34,-73.5,127.31,20.0693,147.00369417126905
L03,L03-A,A,M1,35,-103.94,103.94,20.0708,146.9933576730595
L03,L03-A,A,M1,36,-127.31,73.5,20.041,147.00369417126905
L03,L03-A,A,M1,37,-141.99,38.05,20.0807,146.99987278906062
L03,L03-A,A,M1,38,-147.0,0.0,20.0627,147.0
L03,L03-A,A,M1,39,-141.99,-38.05,20.0733,146.99987278906062
L03,L03-A,A,M1,40,-127.31,-73.5,20.0664,147.00369417126905
L03,L03-A,A,M1,41,-103.94,-103.94,20.082,146.9933576730595
L03,L03-A,A,M1,42,-73.5,-127.31,20.0488,147.00369417126905
L03,L03-A,A,M1,43,-38.05,-141.99,20.0546,146.99987278906062
L03,L03-A,A,M1,44,-0.0,-147.0,20.1265,147.0
L03,L03-A,A,M1,45,38.05,-141.99,20.0582,146.99987278906062
L03,L03-A,A,M1,46,73.5,-127.31,20.062,147.00369417126905
L03,L03-A,A,M1,47,103.94,-103.94,20.1207,146.9933576730595
L03,L03-A,A,M1,48,127.31,-73.5,20.142,147.00369417126905
L03,L03-A,A,M1,49,141.99,-38.05,20.0605,146.99987278906062
L03,L03-B,B,M1,1,0.0,0.0,19.9958,0.0
L03,L03-B,B,M1,2,49.0,0.0,20.0244,49.0
L03,L03-B,B,M1,3,34.65,34.65,19.9701,49.00249993622774
L03,L03-B,B,M1,4,0.0,49.0,19.985,49.0
L03,L03-B,B,M1,5,-34.65,34.65,20.0054,49.00249993622774
L03,L03-B,B,M1,6,-49.0,0.0,19.9986,49.0
L03,L03-B,B,M1,7,-34.65,-34.65,19.9823,49.00249993622774
L03,L03-B,B,M1,8,-0.0,-49.0,19.9872,49.0
L03,L03-B,B,M1,9,34.65,-34.65,19.9624,49.00249993622774
L03,L03-B,B,M1,10,98.0,0.0,19.9988,98.0
L03,L03-B,B,M1,11,90.54,37.5,19.9982,97.99868162378513
L03,L03-B,B,M1,12,69.3,69.3,20.0082,98.00499987245549
L03,L03-B,B,M1,13,37.5,90.54,19.9924,97.99868162378513
L03,L03-B,B,M1,14,0.0,98.0,20.013,98.0
L03,L03-B,B,M1,15,-37.5,90.54,20.0238,97.99868162378513
L03,L03-B,B,M1,16,-69.3,69.3,20.0066,98.00499987245549
L03,L03-B,B,M1,17,-90.54,37.5,20.0106,97.99868162378513
L03,L03-B,B,M1,18,-98.0,0.0,20.0046,98.0
L03,L03-B,B,M1,19,-90.54,-37.5,20.0035,97.99868162378513
L03,L03-B,B,M1,20,-69.3,-69.3,19.9891,98.00499987245549
L03,L03-B,B,M1,21,-37.5,-90.54,20.0099,97.99868162378513
L03,L03-B,B,M1,22,-0.0,-98.0,20.0016,98.0
L03,L03-B,B,M1,23,37.5,-90.54,20.0454,97.99868162378513
L03,L03-B,B,M1,24,69.3,-69.3,20.035,98.00499987245549
L03,L03-B,B,M1,25,90.54,-37.5,20.0112,97.99868162378513
L03,L03-B,B,M1,26,147.0,0.0,20.0475,147.0
L03,L03-B,B,M1,27,141.99,38.05,20.0405,146.99987278906062
L03,L03-B,B,M1,28,127.31,73.5,20.0866,147.00369417126905
L03,L03-B,B,M1,29,103.94,103.94,20.068,146.9933576730595
L03,L03-B,B,M1,30,73.5,127.31,20.0723,147.00369417126905
L03,L03-B,B,M1,31,38.05,141.99,20.0279,146.99987278906062
L03,L03-B,B,M1,32,0.0,147.0,20.0813,147.0
L03,L03-B,B,M1,33,-38.05,141.99,20.0718,146.99987278906062
L03,L03-B,B,M1,34,-73.5,127.31,20.0405,147.00369417126905
L03,L03-B,B,M1,35,-103.94,103.94,20.0533,146.9933576730595
L03,L03-B,B,M1,36,-127.31,73.5,20.068,147.00369417126905
L03,L03-B,B,M1,37,-141.99,38.05,20.0638,146.99987278906062
L03,L03-B,B,M1,38,-147.0,0.0,20.0569,147.0
L03,L03-B,B,M1,39,-141.99,-38.05,20.0607,146.99987278906062
L03,L03-B,B,M1,40,-127.31,-73.5,20.0577,147.00369417126905
L03,L03-B,B,M1,41,-103.94,-103.94,20.0658,146.9933576730595
L03,L03-B,B,M1,42,-73.5,-127.31,20.0922,147.00369417126905
L03,L03-B,B,M1,43,-38.05,-141.99,20.0114,146.99987278906062
L03,L03-B,B,M1,44,-0.0,-147.0,20.058,147.0
L03,L03-B,B,M1,45,38.05,-141.99,20.0663,146.99987278906062
L03,L03-B,B,M1,46,73.5,-127.31,20.0687,147.00369417126905
L03,L03-B,B,M1,47,103.94,-103.94,20.0553,146.9933576730595
L03,L03-B,B,M1,48,127.31,-73.5,20.0276,147.00369417126905
L03,L03-B,B,M1,49,141.99,-38.05,20.0693,146.99987278906062
L04,L04-A,A,M1,1,0.0,0.0,20.0211,0.0
L04,L04-A,A,M1,2,49.0,0.0,20.07,49.0
L04,L04-A,A,M1,3,34.65,34.65,20.0462,49.00249993622774
L04,L04-A,A,M1,4,0.0,49.0,20.0515,49.0
L04,L04-A,A,M1,5,-34.65,34.65,20.0317,49.00249993622774
L04,L04-A,A,M1,6,-49.0,0.0,20.046,49.0
L04,L04-A,A,M1,7,-34.65,-34.65,20.0787,49.00249993622774
L04,L04-A,A,M1,8,-0.0,-49.0,20.0644,49.0
L04,L04-A,A,M1,9,34.65,-34.65,20.0874,49.00249993622774
L04,L04-A,A,M1,10,98.0,0.0,20.0899,98.0
L04,L04-A,A,M1,11,90.54,37.5,20.0752,97.99868162378513
L04,L04-A,A,M1,12,69.3,69.3,20.1013,98.00499987245549
L04,L04-A,A,M1,13,37.5,90.54,20.0752,97.99868162378513
L04,L04-A,A,M1,14,0.0,98.0,20.083,98.0
L04,L04-A,A,M1,15,-37.5,90.54,20.0605,97.99868162378513
L04,L04-A,A,M1,16,-69.3,69.3,20.0677,98.00499987245549
L04,L04-A,A,M1,17,-90.54,37.5,20.0524,97.99868162378513
L04,L04-A,A,M1,18,-98.0,0.0,20.0862,98.0
L04,L04-A,A,M1,19,-90.54,-37.5,20.0428,97.99868162378513
L04,L04-A,A,M1,20,-69.3,-69.3,20.082,98.00499987245549
L04,L04-A,A,M1,21,-37.5,-90.54,20.0626,97.99868162378513
L04,L04-A,A,M1,22,-0.0,-98.0,20.0898,98.0
L04,L04-A,A,M1,23,37.5,-90.54,20.0814,97.99868162378513
L04,L04-A,A,M1,24,69.3,-69.3,20.1028,98.00499987245549
L04,L04-A,A,M1,25,90.54,-37.5,20.081,97.99868162378513
L04,L04-A,A,M1,26,147.0,0.0,20.0942,147.0
L04,L04-A,A,M1,27,141.99,38.05,20.1243,146.99987278906062
L04,L04-A,A,M1,28,127.31,73.5,20.1022,147.00369417126905
L04,L04-A,A,M1,29,103.94,103.94,20.1152,146.9933576730595
L04,L04-A,A,M1,30,73.5,127.31,20.1558,147.00369417126905
L04,L04-A,A,M1,31,38.05,141.99,20.1384,146.99987278906062
L04,L04-A,A,M1,32,0.0,147.0,20.1116,147.0
L04,L04-A,A,M1,33,-38.05,141.99,20.1053,146.99987278906062
L04,L04-A,A,M1,34,-73.5,127.31,20.1263,147.00369417126905
L04,L04-A,A,M1,35,-103.94,103.94,20.1013,146.9933576730595
L04,L04-A,A,M1,36,-127.31,73.5,20.1122,147.00369417126905
L04,L04-A,A,M1,37,-141.99,38.05,20.1319,146.99987278906062
L04,L04-A,A,M1,38,-147.0,0.0,20.1487,147.0
L04,L04-A,A,M1,39,-141.99,-38.05,20.1378,146.99987278906062
L04,L04-A,A,M1,40,-127.31,-73.5,20.0798,147.00369417126905
L04,L04-A,A,M1,41,-103.94,-103.94,20.1317,146.9933576730595
L04,L04-A,A,M1,42,-73.5,-127.31,20.1271,147.00369417126905
L04,L04-A,A,M1,43,-38.05,-141.99,20.1339,146.99987278906062
L04,L04-A,A,M1,44,-0.0,-147.0,20.1579,147.0
L04,L04-A,A,M1,45,38.05,-141.99,20.0843,146.99987278906062
L04,L04-A,A,M1,46,73.5,-127.31,20.1138,147.00369417126905
L04,L04-A,A,M1,47,103.94,-103.94,20.1374,146.9933576730595
L04,L04-A,A,M1,48,127.31,-73.5,20.094,147.00369417126905
L04,L04-A,A,M1,49,141.99,-38.05,20.1551,146.99987278906062
L04,L04-B,B,M1,1,0.0,0.0,20.028,0.0
L04,L04-B,B,M1,2,49.0,0.0,20.0005,49.0
L04,L04-B,B,M1,3,34.65,34.65,20.0282,49.00249993622774
L04,L04-B,B,M1,4,0.0,49.0,20.0333,49.0
L04,L04-B,B,M1,5,-34.65,34.65,20.0166,49.00249993622774
L04,L04-B,B,M1,6,-49.0,0.0,20.0166,49.0
L04,L04-B,B,M1,7,-34.65,-34.65,20.0174,49.00249993622774
L04,L04-B,B,M1,8,-0.0,-49.0,19.9947,49.0
L04,L04-B,B,M1,9,34.65,-34.65,20.009,49.00249993622774
L04,L04-B,B,M1,10,98.0,0.0,20.0226,98.0
L04,L04-B,B,M1,11,90.54,37.5,20.0333,97.99868162378513
L04,L04-B,B,M1,12,69.3,69.3,20.0456,98.00499987245549
L04,L04-B,B,M1,13,37.5,90.54,20.0045,97.99868162378513
L04,L04-B,B,M1,14,0.0,98.0,20.0231,98.0
L04,L04-B,B,M1,15,-37.5,90.54,20.0553,97.99868162378513
L04,L04-B,B,M1,16,-69.3,69.3,20.0108,98.00499987245549
L04,L04-B,B,M1,17,-90.54,37.5,20.0092,97.99868162378513
L04,L04-B,B,M1,18,-98.0,0.0,20.0297,98.0
L04,L04-B,B,M1,19,-90.54,-37.5,20.0425,97.99868162378513
L04,L04-B,B,M1,20,-69.3,-69.3,20.0259,98.00499987245549
L04,L04-B,B,M1,21,-37.5,-90.54,20.0522,97.99868162378513
L04,L04-B,B,M1,22,-0.0,-98.0,20.0428,98.0
L04,L04-B,B,M1,23,37.5,-90.54,20.0425,97.99868162378513
L04,L04-B,B,M1,24,69.3,-69.3,20.0367,98.00499987245549
L04,L04-B,B,M1,25,90.54,-37.5,20.0722,97.99868162378513
L04,L04-B,B,M1,26,147.0,0.0,20.0807,147.0
L04,L04-B,B,M1,27,141.99,38.05,20.0448,146.99987278906062
L04,L04-B,B,M1,28,127.31,73.5,20.1169,147.00369417126905
L04,L04-B,B,M1,29,103.94,103.94,20.0757,146.9933576730595
L04,L04-B,B,M1,30,73.5,127.31,20.087,147.00369417126905
L04,L04-B,B,M1,31,38.05,141.99,20.111,146.99987278906062
L04,L04-B,B,M1,32,0.0,147.0,20.0528,147.0
L04,L04-B,B,M1,33,-38.05,141.99,20.0598,146.99987278906062
L04,L04-B,B,M1,34,-73.5,127.31,20.0528,147.00369417126905
L04,L04-B,B,M1,35,-103.94,103.94,20.069,146.9933576730595
L04,L04-B,B,M1,36,-127.31,73.5,20.0936,147.00369417126905
L04,L04-B,B,M1,37,-141.99,38.05,20.0953,146.99987278906062
L04,L04-B,B,M1,38,-147.0,0.0,20.0904,147.0
L04,L04-B,B,M1,39,-141.99,-38.05,20.0566,146.99987278906062
L04,L04-B,B,M1,40,-127.31,-73.5,20.0386,147.00369417126905
L04,L04-B,B,M1,41,-103.94,-103.94,20.0859,146.9933576730595
L04,L04-B,B,M1,42,-73.5,-127.31,20.0754,147.00369417126905
L04,L04-B,B,M1,43,-38.05,-141.99,20.094,146.99987278906062
L04,L04-B,B,M1,44,-0.0,-147.0,20.0989,147.0
L04,L04-B,B,M1,45,38.05,-141.99,20.0876,146.99987278906062
L04,L04-B,B,M1,46,73.5,-127.31,20.1,147.00369417126905
L04,L04-B,B,M1,47,103.94,-103.94,20.0894,146.9933576730595
L04,L04-B,B,M1,48,127.31,-73.5,20.0954,147.00369417126905
L04,L04-B,B,M1,49,141.99,-38.05,20.0707,146.99987278906062
L05,L05-A,A,M1,1,0.0,0.0,19.9985,0.0
L05,L05-A,A,M1,2,49.0,0.0,20.0119,49.0
L05,L05-A,A,M1,3,34.65,34.65,19.9876,49.00249993622774
L05,L05-A,A,M1,4,0.0,49.0,20.0059,49.0
L05,L05-A,A,M1,5,-34.65,34.65,19.9902,49.00249993622774
L05,L05-A,A,M1,6,-49.0,0.0,19.9932,49.0
L05,L05-A,A,M1,7,-34.65,-34.65,20.0121,49.00249993622774
L05,L05-A,A,M1,8,-0.0,-49.0,19.9557,49.0
L05,L05-A,A,M1,9,34.65,-34.65,19.9696,49.00249993622774
L05,L05-A,A,M1,10,98.0,0.0,19.9795,98.0
L05,L05-A,A,M1,11,90.54,37.5,19.9625,97.99868162378513
L05,L05-A,A,M1,12,69.3,69.3,19.9956,98.00499987245549
L05,L05-A,A,M1,13,37.5,90.54,20.0242,97.99868162378513
L05,L05-A,A,M1,14,0.0,98.0,20.0035,98.0
L05,L05-A,A,M1,15,-37.5,90.54,20.0131,97.99868162378513
L05,L05-A,A,M1,16,-69.3,69.3,20.031,98.00499987245549
L05,L05-A,A,M1,17,-90.54,37.5,20.0357,97.99868162378513
L05,L05-A,A,M1,18,-98.0,0.0,20.0078,98.0
L05,L05-A,A,M1,19,-90.54,-37.5,20.0363,97.99868162378513
L05,L05-A,A,M1,20,-69.3,-69.3,20.011,98.00499987245549
L05,L05-A,A,M1,21,-37.5,-90.54,19.9924,97.99868162378513
L05,L05-A,A,M1,22,-0.0,-98.0,19.9973,98.0
L05,L05-A,A,M1,23,37.5,-90.54,19.9796,97.99868162378513
L05,L05-A,A,M1,24,69.3,-69.3,19.9914,98.00499987245549
L05,L05-A,A,M1,25,90.54,-37.5,20.002,97.99868162378513
L05,L05-A,A,M1,26,147.0,0.0,20.0845,147.0
L05,L05-A,A,M1,27,141.99,38.05,20.1028,146.99987278906062
L05,L05-A,A,M1,28,127.31,73.5,20.0408,147.00369417126905
L05,L05-A,A,M1,29,103.94,103.94,20.0763,146.9933576730595
L05,L05-A,A,M1,30,73.5,127.31,20.0476,147.00369417126905
L05,L05-A,A,M1,31,38.05,141.99,20.0779,146.99987278906062
L05,L05-A,A,M1,32,0.0,147.0,20.0658,147.0
L05,L05-A,A,M1,33,-38.05,141.99,20.0318,146.99987278906062
L05,L05-A,A,M1,34,-73.5,127.31,20.087,147.00369417126905
L05,L05-A,A,M1,35,-103.94,103.94,20.0563,146.9933576730595
L05,L05-A,A,M1,36,-127.31,73.5,20.0577,147.00369417126905
L05,L05-A,A,M1,37,-141.99,38.05,20.047,146.99987278906062
L05,L05-A,A,M1,38,-147.0,0.0,20.0553,147.0
L05,L05-A,A,M1,39,-141.99,-38.05,20.077,146.99987278906062
L05,L05-A,A,M1,40,-127.31,-73.5,20.0646,147.00369417126905
L05,L05-A,A,M1,41,-103.94,-103.94,20.075,146.9933576730595
L05,L05-A,A,M1,42,-73.5,-127.31,20.0756,147.00369417126905
L05,L05-A,A,M1,43,-38.05,-141.99,20.0948,146.99987278906062
L05,L05-A,A,M1,44,-0.0,-147.0,20.0615,147.0
L05,L05-A,A,M1,45,38.05,-141.99,20.0389,146.99987278906062
L05,L05-A,A,M1,46,73.5,-127.31,20.0897,147.00369417126905
L05,L05-A,A,M1,47,103.94,-103.94,20.0618,146.9933576730595
L05,L05-A,A,M1,48,127.31,-73.5,20.0907,147.00369417126905
L05,L05-A,A,M1,49,141.99,-38.05,20.0761,146.99987278906062
L05,L05-B,B,M1,1,0.0,0.0,20.003,0.0
L05,L05-B,B,M1,2,49.0,0.0,20.036,49.0
L05,L05-B,B,M1,3,34.65,34.65,20.0385,49.00249993622774
L05,L05-B,B,M1,4,0.0,49.0,19.9984,49.0
L05,L05-B,B,M1,5,-34.65,34.65,20.0002,49.00249993622774
L05,L05-B,B,M1,6,-49.0,0.0,20.0185,49.0
L05,L05-B,B,M1,7,-34.65,-34.65,19.9801,49.00249993622774
L05,L05-B,B,M1,8,-0.0,-49.0,20.0036,49.0
L05,L05-B,B,M1,9,34.65,-34.65,19.9965,49.00249993622774
L05,L05-B,B,M1,10,98.0,0.0,20.0169,98.0
L05,L05-B,B,M1,11,90.54,37.5,19.994,97.99868162378513
L05,L05-B,B,M1,12,69.3,69.3,19.9789,98.00499987245549
L05,L05-B,B,M1,13,37.5,90.54,19.9692,97.99868162378513
L05,L05-B,B,M1,14,0.0,98.0,19.9883,98.0
L05,L05-B,B,M1,15,-37.5,90.54,20.0015,97.99868162378513
L05,L05-B,B,M1,16,-69.3,69.3,20.0048,98.00499987245549
L05,L05-B,B,M1,17,-90.54,37.5,20.0494,97.99868162378513
L05,L05-B,B,M1,18,-98.0,0.0,20.0328,98.0
L05,L05-B,B,M1,19,-90.54,-37.5,19.9914,97.99868162378513
L05,L05-B,B,M1,20,-69.3,-69.3,20.0176,98.00499987245549
L05,L05-B,B,M1,21,-37.5,-90.54,20.0025,97.99868162378513
L05,L05-B,B,M1,22,-0.0,-98.0,20.005,98.0
L05,L05-B,B,M1,23,37.5,-90.54,20.0143,97.99868162378513
L05,L05-B,B,M1,24,69.3,-69.3,20.023,98.00499987245549
L05,L05-B,B,M1,25,90.54,-37.5,20.0039,97.99868162378513
L05,L05-B,B,M1,26,147.0,0.0,20.0911,147.0
L05,L05-B,B,M1,27,141.99,38.05,20.047,146.99987278906062
L05,L05-B,B,M1,28,127.31,73.5,20.07,147.00369417126905
L05,L05-B,B,M1,29,103.94,103.94,20.1218,146.9933576730595
L05,L05-B,B,M1,30,73.5,127.31,20.0743,147.00369417126905
L05,L05-B,B,M1,31,38.05,141.99,20.0985,146.99987278906062
L05,L05-B,B,M1,32,0.0,147.0,20.0717,147.0
L05,L05-B,B,M1,33,-38.05,141.99,20.0815,146.99987278906062
L05,L05-B,B,M1,34,-73.5,127.31,20.0687,147.00369417126905
L05,L05-B,B,M1,35,-103.94,103.94,20.0664,146.9933576730595
L05,L05-B,B,M1,36,-127.31,73.5,20.0543,147.00369417126905
L05,L05-B,B,M1,37,-141.99,38.05,20.0785,146.99987278906062
L05,L05-B,B,M1,38,-147.0,0.0,20.0528,147.0
L05,L05-B,B,M1,39,-141.99,-38.05,20.0832,146.99987278906062
L05,L05-B,B,M1,40,-127.31,-73.5,20.0916,147.00369417126905
L05,L05-B,B,M1,41,-103.94,-103.94,20.0772,146.9933576730595
L05,L05-B,B,M1,42,-73.5,-127.31,20.0641,147.00369417126905
L05,L05-B,B,M1,43,-38.05,-141.99,20.0789,146.99987278906062
L05,L05-B,B,M1,44,-0.0,-147.0,20.0637,147.0
L05,L05-B,B,M1,45,38.05,-141.99,20.0886,146.99987278906062
L05,L05-B,B,M1,46,73.5,-127.31,20.0332,147.00369417126905
L05,L05-B,B,M1,47,103.94,-103.94,20.0631,146.9933576730595
L05,L05-B,B,M1,48,127.31,-73.5,20.03,147.00369417126905
L05,L05-B,B,M1,49,141.99,-38.05,20.04,146.99987278906062
L06,L06-A,A,M1,1,0.0,0.0,20.0588,0.0
L06,L06-A,A,M1,2,49.0,0.0,20.0274,49.0
L06,L06-A,A,M1,3,34.65,34.65,20.0118,49.00249993622774
L06,L06-A,A,M1,4,0.0,49.0,19.9825,49.0
L06,L06-A,A,M1,5,-34.65,34.65,20.031,49.00249993622774
L06,L06-A,A,M1,6,-49.0,0.0,20.0902,49.0
L06,L06-A,A,M1,7,-34.65,-34.65,20.0505,49.00249993622774
L06,L06-A,A,M1,8,-0.0,-49.0,20.0306,49.0
L06,L06-A,A,M1,9,34.65,-34.65,20.0511,49.00249993622774
L06,L06-A,A,M1,10,98.0,0.0,20.0243,98.0
L06,L06-A,A,M1,11,90.54,37.5,20.0495,97.99868162378513
L06,L06-A,A,M1,12,69.3,69.3,20.0575,98.00499987245549
L06,L06-A,A,M1,13,37.5,90.54,20.0538,97.99868162378513
L06,L06-A,A,M1,14,0.0,98.0,20.0713,98.0
L06,L06-A,A,M1,15,-37.5,90.54,20.0624,97.99868162378513
L06,L06-A,A,M1,16,-69.3,69.3,20.0689,98.00499987245549
L06,L06-A,A,M1,17,-90.54,37.5,20.0417,97.99868162378513
L06,L06-A,A,M1,18,-98.0,0.0,20.0734,98.0
L06,L06-A,A,M1,19,-90.54,-37.5,20.0881,97.99868162378513
L06,L06-A,A,M1,20,-69.3,-69.3,20.0361,98.00499987245549
L06,L06-A,A,M1,21,-37.5,-90.54,20.0377,97.99868162378513
L06,L06-A,A,M1,22,-0.0,-98.0,20.0822,98.0
L06,L06-A,A,M1,23,37.5,-90.54,20.0517,97.99868162378513
L06,L06-A,A,M1,24,69.3,-69.3,20.0836,98.00499987245549
L06,L06-A,A,M1,25,90.54,-37.5,20.0466,97.99868162378513
L06,L06-A,A,M1,26,147.0,0.0,20.1438,147.0
L06,L06-A,A,M1,27,141.99,38.05,20.1173,146.99987278906062
L06,L06-A,A,M1,28,127.31,73.5,20.1199,147.00369417126905
L06,L06-A,A,M1,29,103.94,103.94,20.146,146.9933576730595
L06,L06-A,A,M1,30,73.5,127.31,20.1075,147.00369417126905
L06,L06-A,A,M1,31,38.05,141.99,20.0959,146.99987278906062
L06,L06-A,A,M1,32,0.0,147.0,20.1057,147.0
L06,L06-A,A,M1,33,-38.05,141.99,20.1238,146.99987278906062
L06,L06-A,A,M1,34,-73.5,127.31,20.0834,147.00369417126905
L06,L06-A,A,M1,35,-103.94,103.94,20.1275,146.9933576730595
L06,L06-A,A,M1,36,-127.31,73.5,20.1039,147.00369417126905
L06,L06-A,A,M1,37,-141.99,38.05,20.1377,146.99987278906062
L06,L06-A,A,M1,38,-147.0,0.0,20.0668,147.0
L06,L06-A,A,M1,39,-141.99,-38.05,20.099,146.99987278906062
L06,L06-A,A,M1,40,-127.31,-73.5,20.081,147.00369417126905
L06,L06-A,A,M1,41,-103.94,-103.94,20.0982,146.9933576730595
L06,L06-A,A,M1,42,-73.5,-127.31,20.1197,147.00369417126905
L06,L06-A,A,M1,43,-38.05,-141.99,20.1111,146.99987278906062
L06,L06-A,A,M1,44,-0.0,-147.0,20.1096,147.0
L06,L06-A,A,M1,45,38.05,-141.99,20.1115,146.99987278906062
L06,L06-A,A,M1,46,73.5,-127.31,20.1188,147.00369417126905
L06,L06-A,A,M1,47,103.94,-103.94,20.0945,146.9933576730595
L06,L06-A,A,M1,48,127.31,-73.5,20.1288,147.00369417126905
L06,L06-A,A,M1,49,141.99,-38.05,20.128,146.99987278906062
L06,L06-B,B,M1,1,0.0,0.0,20.0227,0.0
L06,L06-B,B,M1,2,49.0,0.0,20.0184,49.0
L06,L06-B,B,M1,3,34.65,34.65,20.0532,49.00249993622774
L06,L06-B,B,M1,4,0.0,49.0,20.0107,49.0
L06,L06-B,B,M1,5,-34.65,34.65,20.0063,49.00249993622774
L06,L06-B,B,M1,6,-49.0,0.0,19.9974,49.0
L06,L06-B,B,M1,7,-34.65,-34.65,19.9918,49.00249993622774
L06,L06-B,B,M1,8,-0.0,-49.0,19.9876,49.0
L06,L06-B,B,M1,9,34.65,-34.65,19.9947,49.00249993622774
L06,L06-B,B,M1,10,98.0,0.0,20.0247,98.0
L06,L06-B,B,M1,11,90.54,37.5,20.0328,97.99868162378513
L06,L06-B,B,M1,12,69.3,69.3,20.0271,98.00499987245549
L06,L06-B,B,M1,13,37.5,90.54,20.0108,97.99868162378513
L06,L06-B,B,M1,14,0.0,98.0,20.0441,98.0
L06,L06-B,B,M1,15,-37.5,90.54,20.0409,97.99868162378513
L06,L06-B,B,M1,16,-69.3,69.3,20.0229,98.00499987245549
L06,L06-B,B,M1,17,-90.54,37.5,20.0131,97.99868162378513
L06,L06-B,B,M1,18,-98.0,0.0,20.0371,98.0
L06,L06-B,B,M1,19,-90.54,-37.5,20.0299,97.99868162378513
L06,L06-B,B,M1,20,-69.3,-69.3,19.9972,98.00499987245549
L06,L06-B,B,M1,21,-37.5,-90.54,20.0248,97.99868162378513
L06,L06-B,B,M1,22,-0.0,-98.0,20.0314,98.0
L06,L06-B,B,M1,23,37.5,-90.54,20.0081,97.99868162378513
L06,L06-B,B,M1,24,69.3,-69.3,20.0299,98.00499987245549
L06,L06-B,B,M1,25,90.54,-37.5,19.997,97.99868162378513
L06,L06-B,B,M1,26,147.0,0.0,20.1121,147.0
L06,L06-B,B,M1,27,141.99,38.05,20.1103,146.99987278906062
L06,L06-B,B,M1,28,127.31,73.5,20.0803,147.00369417126905
L06,L06-B,B,M1,29,103.94,103.94,20.0926,146.9933576730595
L06,L06-B,B,M1,30,73.5,127.31,20.0371,147.00369417126905
L06,L06-B,B,M1,31,38.05,141.99,20.0622,146.99987278906062
L06,L06-B,B,M1,32,0.0,147.0,20.0795,147.0
L06,L06-B,B,M1,33,-38.05,141.99,20.0639,146.99987278906062
L06,L06-B,B,M1,34,-73.5,127.31,20.0996,147.00369417126905
L06,L06-B,B,M1,35,-103.94,103.94,20.1253,146.9933576730595
L06,L06-B,B,M1,36,-127.31,73.5,20.0618,147.00369417126905
L06,L06-B,B,M1,37,-141.99,38.05,20.0686,146.99987278906062
L06,L06-B,B,M1,38,-147.0,0.0,20.09,147.0
L06,L06-B,B,M1,39,-141.99,-38.05,20.1176,146.99987278906062
L06,L06-B,B,M1,40,-127.31,-73.5,20.0609,147.00369417126905
L06,L06-B,B,M1,41,-103.94,-103.94,20.0903,146.9933576730595
L06,L06-B,B,M1,42,-73.5,-127.31,20.1218,147.00369417126905
L06,L06-B,B,M1,43,-38.05,-141.99,20.0523,146.99987278906062
L06,L06-B,B,M1,44,-0.0,-147.0,20.0597,147.0
L06,L06-B,B,M1,45,38.05,-141.99,20.0769,146.99987278906062
L06,L06-B,B,M1,46,73.5,-127.31,20.0749,147.00369417126905
L06,L06-B,B,M1,47,103.94,-103.94,20.1016,146.9933576730595
L06,L06-B,B,M1,48,127.31,-73.5,20.0902,147.00369417126905
L06,L06-B,B,M1,49,141.99,-38.05,20.0498,146.99987278906062
L07,L07-A,A,M1,1,0.0,0.0,20.0039,0.0
L07,L07-A,A,M1,2,49.0,0.0,20.0419,49.0
L07,L07-A,A,M1,3,34.65,34.65,20.0038,49.00249993622774
L07,L07-A,A,M1,4,0.0,49.0,20.0036,49.0
L07,L07-A,A,M1,5,-34.65,34.65,20.0272,49.00249993622774
L07,L07-A,A,M1,6,-49.0,0.0,20.0316,49.0
L07,L07-A,A,M1,7,-34.65,-34.65,20.0253,49.00249993622774
L07,L07-A,A,M1,8,-0.0,-49.0,19.9827,49.0
L07,L07-A,A,M1,9,34.65,-34.65,20.0271,49.00249993622774
L07,L07-A,A,M1,10,98.0,0.0,20.0094,98.0
L07,L07-A,A,M1,11,90.54,37.5,20.0347,97.99868162378513
L07,L07-A,A,M1,12,69.3,69.3,20.0016,98.00499987245549
L07,L07-A,A,M1,13,37.5,90.54,20.039,97.99868162378513
L07,L07-A,A,M1,14,0.0,98.0,20.0139,98.0
L07,L07-A,A,M1,15,-37.5,90.54,20.0044,97.99868162378513
L07,L07-A,A,M1,16,-69.3,69.3,20.0443,98.00499987245549
L07,L07-A,A,M1,17,-90.54,37.5,20.0349,97.99868162378513
L07,L07-A,A,M1,18,-98.0,0.0,20.0178,98.0
L07,L07-A,A,M1,19,-90.54,-37.5,20.0591,97.99868162378513
L07,L07-A,A,M1,20,-69.3,-69.3,20.0212,98.00499987245549
L07,L07-A,A,M1,21,-37.5,-90.54,20.0307,97.99868162378513
L07,L07-A,A,M1,22,-0.0,-98.0,20.0354,98.0
L07,L07-A,A,M1,23,37.5,-90.54,20.0176,97.99868162378513
L07,L07-A,A,M1,24,69.3,-69.3,20.0395,98.00499987245549
L07,L07-A,A,M1,25,90.54,-37.5,20.0194,97.99868162378513
L07,L07-A,A,M1,26,147.0,0.0,20.081,147.0
L07,L07-A,A,M1,27,141.99,38.05,20.1165,146.99987278906062
L07,L07-A,A,M1,28,127.31,73.5,20.0684,147.00369417126905
L07,L07-A,A,M1,29,103.94,103.94,20.041,146.9933576730595
L07,L07-A,A,M1,30,73.5,127.31,20.1215,147.00369417126905
L07,L07-A,A,M1,31,38.05,141.99,20.1402,146.99987278906062
L07,L07-A,A,M1,32,0.0,147.0,20.0811,147.0
L07,L07-A,A,M1,33,-38.05,141.99,20.0505,146.99987278906062
L07,L07-A,A,M1,34,-73.5,127.31,20.083,147.00369417126905
L07,L07-A,A,M1,35,-103.94,103.94,20.0835,146.9933576730595
L07,L07-A,A,M1,36,-127.31,73.5,20.0855,147.00369417126905
L07,L07-A,A,M1,37,-141.99,38.05,20.067,146.99987278906062
L07,L07-A,A,M1,38,-147.0,0.0,20.1008,147.0
L07,L07-A,A,M1,39,-141.99,-38.05,20.0997,146.99987278906062
L07,L07-A,A,M1,40,-127.31,-73.5,20.0594,147.00369417126905
L07,L07-A,A,M1,41,-103.94,-103.94,20.1032,146.9933576730595
L07,L07-A,A,M1,42,-73.5,-127.31,20.1303,147.00369417126905
L07,L07-A,A,M1,43,-38.05,-141.99,20.0927,146.99987278906062
L07,L07-A,A,M1,44,-0.0,-147.0,20.0825,147.0
L07,L07-A,A,M1,45,38.05,-141.99,20.0864,146.99987278906062
L07,L07-A,A,M1,46,73.5,-127.31,20.1016,147.00369417126905
L07,L07-A,A,M1,47,103.94,-103.94,20.0546,146.9933576730595
L07,L07-A,A,M1,48,127.31,-73.5,20.0925,147.00369417126905
L07,L07-A,A,M1,49,141.99,-38.05,20.0814,146.99987278906062
L07,L07-B,B,M1,1,0.0,0.0,20.052,0.0
L07,L07-B,B,M1,2,49.0,0.0,20.0897,49.0
L07,L07-B,B,M1,3,34.65,34.65,20.0343,49.00249993622774
L07,L07-B,B,M1,4,0.0,49.0,20.0681,49.0
L07,L07-B,B,M1,5,-34.65,34.65,20.0627,49.00249993622774
L07,L07-B,B,M1,6,-49.0,0.0,20.039,49.0
L07,L07-B,B,M1,7,-34.65,-34.65,20.0599,49.00249993622774
L07,L07-B,B,M1,8,-0.0,-49.0,20.0806,49.0
L07,L07-B,B,M1,9,34.65,-34.65,20.0499,49.00249993622774
L07,L07-B,B,M1,10,98.0,0.0,20.0362,98.0
L07,L07-B,B,M1,11,90.54,37.5,20.0697,97.99868162378513
L07,L07-B,B,M1,12,69.3,69.3,20.052,98.00499987245549
L07,L07-B,B,M1,13,37.5,90.54,20.0632,97.99868162378513
L07,L07-B,B,M1,14,0.0,98.0,20.0684,98.0
L07,L07-B,B,M1,15,-37.5,90.54,20.0359,97.99868162378513
L07,L07-B,B,M1,16,-69.3,69.3,20.0377,98.00499987245549
L07,L07-B,B,M1,17,-90.54,37.5,20.0797,97.99868162378513
L07,L07-B,B,M1,18,-98.0,0.0,20.0596,98.0
L07,L07-B,B,M1,19,-90.54,-37.5,20.0187,97.99868162378513
L07,L07-B,B,M1,20,-69.3,-69.3,20.0857,98.00499987245549
L07,L07-B,B,M1,21,-37.5,-90.54,20.0755,97.99868162378513
L07,L07-B,B,M1,22,-0.0,-98.0,20.0557,98.0
L07,L07-B,B,M1,23,37.5,-90.54,20.0437,97.99868162378513
L07,L07-B,B,M1,24,69.3,-69.3,20.0867,98.00499987245549
L07,L07-B,B,M1,25,90.54,-37.5,20.077,97.99868162378513
L07,L07-B,B,M1,26,147.0,0.0,20.1769,147.0
L07,L07-B,B,M1,27,141.99,38.05,20.1376,146.99987278906062
L07,L07-B,B,M1,28,127.31,73.5,20.137,147.00369417126905
L07,L07-B,B,M1,29,103.94,103.94,20.1259,146.9933576730595
L07,L07-B,B,M1,30,73.5,127.31,20.1456,147.00369417126905
L07,L07-B,B,M1,31,38.05,141.99,20.1417,146.99987278906062
L07,L07-B,B,M1,32,0.0,147.0,20.1543,147.0
L07,L07-B,B,M1,33,-38.05,141.99,20.1188,146.99987278906062
L07,L07-B,B,M1,34,-73.5,127.31,20.1205,147.00369417126905
L07,L07-B,B,M1,35,-103.94,103.94,20.1196,146.9933576730595
L07,L07-B,B,M1,36,-127.31,73.5,20.145,147.00369417126905
L07,L07-B,B,M1,37,-141.99,38.05,20.1592,146.99987278906062
L07,L07-B,B,M1,38,-147.0,0.0,20.12,147.0
L07,L07-B,B,M1,39,-141.99,-38.05,20.1207,146.99987278906062
L07,L07-B,B,M1,40,-127.31,-73.5,20.1355,147.00369417126905
L07,L07-B,B,M1,41,-103.94,-103.94,20.1243,146.9933576730595
L07,L07-B,B,M1,42,-73.5,-127.31,20.1483,147.00369417126905
L07,L07-B,B,M1,43,-38.05,-141.99,20.0842,146.99987278906062
L07,L07-B,B,M1,44,-0.0,-147.0,20.1127,147.0
L07,L07-B,B,M1,45,38.05,-141.99,20.1136,146.99987278906062
L07,L07-B,B,M1,46,73.5,-127.31,20.0828,147.00369417126905
L07,L07-B,B,M1,47,103.94,-103.94,20.11,146.9933576730595
L07,L07-B,B,M1,48,127.31,-73.5,20.1109,147.00369417126905
L07,L07-B,B,M1,49,141.99,-38.05,20.1252,146.99987278906062
L08,L08-A,A,M1,1,0.0,0.0,20.0285,0.0
L08,L08-A,A,M1,2,49.0,0.0,20.0137,49.0
L08,L08-A,A,M1,3,34.65,34.65,20.0332,49.00249993622774
L08,L08-A,A,M1,4,0.0,49.0,20.0553,49.0
L08,L08-A,A,M1,5,-34.65,34.65,20.0148,49.00249993622774
L08,L08-A,A,M1,6,-49.0,0.0,20.0161,49.0
L08,L08-A,A,M1,7,-34.65,-34.65,20.0455,49.00249993622774
L08,L08-A,A,M1,8,-0.0,-49.0,20.0299,49.0
L08,L08-A,A,M1,9,34.65,-34.65,20.0472,49.00249993622774
L08,L08-A,A,M1,10,98.0,0.0,20.0477,98.0
L08,L08-A,A,M1,11,90.54,37.5,20.062,97.99868162378513
L08,L08-A,A,M1,12,69.3,69.3,20.0273,98.00499987245549
L08,L08-A,A,M1,13,37.5,90.54,20.0477,97.99868162378513
L08,L08-A,A,M1,14,0.0,98.0,20.0438,98.0
L08,L08-A,A,M1,15,-37.5,90.54,20.0236,97.99868162378513
L08,L08-A,A,M1,16,-69.3,69.3,20.0167,98.00499987245549
L08,L08-A,A,M1,17,-90.54,37.5,20.0617,97.99868162378513
L08,L08-A,A,M1,18,-98.0,0.0,20.0409,98.0
L08,L08-A,A,M1,19,-90.54,-37.5,20.0275,97.99868162378513
L08,L08-A,A,M1,20,-69.3,-69.3,20.046,98.00499987245549
L08,L08-A,A,M1,21,-37.5,-90.54,20.0705,97.99868162378513
L08,L08-A,A,M1,22,-0.0,-98.0,20.0023,98.0
L08,L08-A,A,M1,23,37.5,-90.54,20.018,97.99868162378513
L08,L08-A,A,M1,24,69.3,-69.3,20.0295,98.00499987245549
L08,L08-A,A,M1,25,90.54,-37.5,20.0772,97.99868162378513
L08,L08-A,A,M1,26,147.0,0.0,20.1128,147.0
L08,L08-A,A,M1,27,141.99,38.05,20.1225,146.99987278906062
L08,L08-A,A,M1,28,127.31,73.5,20.0844,147.00369417126905
L08,L08-A,A,M1,29,103.94,103.94,20.0848,146.9933576730595
L08,L08-A,A,M1,30,73.5,127.31,20.1161,147.00369417126905
L08,L08-A,A,M1,31,38.05,141.99,20.1083,146.99987278906062
L08,L08-A,A,M1,32,0.0,147.0,20.1182,147.0
L08,L08-A,A,M1,33,-38.05,141.99,20.1034,146.99987278906062
L08,L08-A,A,M1,34,-73.5,127.31,20.1127,147.00369417126905
L08,L08-A,A,M1,35,-103.94,103.94,20.1103,146.9933576730595
L08,L08-A,A,M1,36,-127.31,73.5,20.1227,147.00369417126905
L08,L08-A,A,M1,37,-141.99,38.05,20.1233,146.99987278906062
L08,L08-A,A,M1,38,-147.0,0.0,20.0748,147.0
L08,L08-A,A,M1,39,-141.99,-38.05,20.0622,146.99987278906062
L08,L08-A,A,M1,40,-127.31,-73.5,20.1272,147.00369417126905
L08,L08-A,A,M1,41,-103.94,-103.94,20.1309,146.9933576730595
L08,L08-A,A,M1,42,-73.5,-127.31,20.0868,147.00369417126905
L08,L08-A,A,M1,43,-38.05,-141.99,20.07,146.99987278906062
L08,L08-A,A,M1,44,-0.0,-147.0,20.1092,147.0
L08,L08-A,A,M1,45,38.05,-141.99,20.1258,146.99987278906062
L08,L08-A,A,M1,46,73.5,-127.31,20.1431,147.00369417126905
L08,L08-A,A,M1,47,103.94,-103.94,20.1175,146.9933576730595
L08,L08-A,A,M1,48,127.31,-73.5,20.0997,147.00369417126905
L08,L08-A,A,M1,49,141.99,-38.05,20.0893,146.99987278906062
L08,L08-B,B,M1,1,0.0,0.0,19.9944,0.0
L08,L08-B,B,M1,2,49.0,0.0,19.981,49.0
L08,L08-B,B,M1,3,34.65,34.65,20.0422,49.00249993622774
L08,L08-B,B,M1,4,0.0,49.0,20.037,49.0
L08,L08-B,B,M1,5,-34.65,34.65,20.024,49.00249993622774
L08,L08-B,B,M1,6,-49.0,0.0,19.9828,49.0
L08,L08-B,B,M1,7,-34.65,-34.65,20.0184,49.00249993622774
L08,L08-B,B,M1,8,-0.0,-49.0,20.014,49.0
L08,L08-B,B,M1,9,34.65,-34.65,20.0101,49.00249993622774
L08,L08-B,B,M1,10,98.0,0.0,20.0399,98.0
L08,L08-B,B,M1,11,90.54,37.5,20.0276,97.99868162378513
L08,L08-B,B,M1,12,69.3,69.3,20.0297,98.00499987245549
L08,L08-B,B,M1,13,37.5,90.54,20.0277,97.99868162378513
L08,L08-B,B,M1,14,0.0,98.0,20.0217,98.0
L08,L08-B,B,M1,15,-37.5,90.54,19.9792,97.99868162378513
L08,L08-B,B,M1,16,-69.3,69.3,20.0166,98.00499987245549
L08,L08-B,B,M1,17,-90.54,37.5,20.0038,97.99868162378513
L08,L08-B,B,M1,18,-98.0,0.0,19.9893,98.0
L08,L08-B,B,M1,19,-90.54,-37.5,20.0486,97.99868162378513
L08,L08-B,B,M1,20,-69.3,-69.3,20.0495,98.00499987245549
L08,L08-B,B,M1,21,-37.5,-90.54,20.0421,97.99868162378513
L08,L08-B,B,M1,22,-0.0,-98.0,20.02,98.0
L08,L08-B,B,M1,23,37.5,-90.54,20.0419,97.99868162378513
L08,L08-B,B,M1,24,69.3,-69.3,20.0152,98.00499987245549
L08,L08-B,B,M1,25,90.54,-37.5,20.019,97.99868162378513
L08,L08-B,B,M1,26,147.0,0.0,20.0523,147.0
L08,L08-B,B,M1,27,141.99,38.05,20.0821,146.99987278906062
L08,L08-B,B,M1,28,127.31,73.5,20.0753,147.00369417126905
L08,L08-B,B,M1,29,103.94,103.94,20.0481,146.9933576730595
L08,L08-B,B,M1,30,73.5,127.31,20.0731,147.00369417126905
L08,L08-B,B,M1,31,38.05,141.99,20.0725,146.99987278906062
L08,L08-B,B,M1,32,0.0,147.0,20.1101,147.0
L08,L08-B,B,M1,33,-38.05,141.99,20.092,146.99987278906062
L08,L08-B,B,M1,34,-73.5,127.31,20.0744,147.00369417126905
L08,L08-B,B,M1,35,-103.94,103.94,20.0791,146.9933576730595
L08,L08-B,B,M1,36,-127.31,73.5,20.075,147.00369417126905
L08,L08-B,B,M1,37,-141.99,38.05,20.0701,146.99987278906062
L08,L08-B,B,M1,38,-147.0,0.0,20.0525,147.0
L08,L08-B,B,M1,39,-141.99,-38.05,20.0711,146.99987278906062
L08,L08-B,B,M1,40,-127.31,-73.5,20.0592,147.00369417126905
L08,L08-B,B,M1,41,-103.94,-103.94,20.0491,146.9933576730595
L08,L08-B,B,M1,42,-73.5,-127.31,20.0844,147.00369417126905
L08,L08-B,B,M1,43,-38.05,-141.99,20.082,146.99987278906062
L08,L08-B,B,M1,44,-0.0,-147.0,20.0384,147.0
L08,L08-B,B,M1,45,38.05,-141.99,20.0717,146.99987278906062
L08,L08-B,B,M1,46,73.5,-127.31,20.094,147.00369417126905
L08,L08-B,B,M1,47,103.94,-103.94,20.0953,146.9933576730595
L08,L08-B,B,M1,48,127.31,-73.5,20.0946,147.00369417126905
L08,L08-B,B,M1,49,141.99,-38.05,20.0749,146.99987278906062
L09,L09-A,A,M1,1,0.0,0.0,19.953,0.0
L09,L09-A,A,M1,2,49.0,0.0,19.9825,49.0
L09,L09-A,A,M1,3,34.65,34.65,19.9831,49.00249993622774
L09,L09-A,A,M1,4,0.0,49.0,20.0013,49.0
L09,L09-A,A,M1,5,-34.65,34.65,19.9976,49.00249993622774
L09,L09-A,A,M1,6,-49.0,0.0,19.9729,49.0
L09,L09-A,A,M1,7,-34.65,-34.65,19.9507,49.00249993622774
L09,L09-A,A,M1,8,-0.0,-49.0,19.9692,49.0
L09,L09-A,A,M1,9,34.65,-34.65,19.9799,49.00249993622774
L09,L09-A,A,M1,10,98.0,0.0,19.9852,98.0
L09,L09-A,A,M1,11,90.54,37.5,19.9777,97.99868162378513
L09,L09-A,A,M1,12,69.3,69.3,19.9943,98.00499987245549
L09,L09-A,A,M1,13,37.5,90.54,19.9791,97.99868162378513
L09,L09-A,A,M1,14,0.0,98.0,19.9767,98.0
L09,L09-A,A,M1,15,-37.5,90.54,19.9955,97.99868162378513
L09,L09-A,A,M1,16,-69.3,69.3,19.9812,98.00499987245549
L09,L09-A,A,M1,17,-90.54,37.5,19.9941,97.99868162378513
L09,L09-A,A,M1,18,-98.0,0.0,19.9947,98.0
L09,L09-A,A,M1,19,-90.54,-37.5,19.9664,97.99868162378513
L09,L09-A,A,M1,20,-69.3,-69.3,19.9796,98.00499987245549
L09,L09-A,A,M1,21,-37.5,-90.54,20.018,97.99868162378513
L09,L09-A,A,M1,22,-0.0,-98.0,19.966,98.0
L09,L09-A,A,M1,23,37.5,-90.54,19.9469,97.99868162378513
L09,L09-A,A,M1,24,69.3,-69.3,19.952,98.00499987245549
L09,L09-A,A,M1,25,90.54,-37.5,19.9898,97.99868162378513
L09,L09-A,A,M1,26,147.0,0.0,20.0491,147.0
L09,L09-A,A,M1,27,141.99,38.05,20.0461,146.99987278906062
L09,L09-A,A,M1,28,127.31,73.5,20.0727,147.00369417126905
L09,L09-A,A,M1,29,103.94,103.94,19.995,146.9933576730595
L09,L09-A,A,M1,30,73.5,127.31,20.0564,147.00369417126905
L09,L09-A,A,M1,31,38.05,141.99,20.0797,146.99987278906062
L09,L09-A,A,M1,32,0.0,147.0,20.0259,147.0
L09,L09-A,A,M1,33,-38.05,141.99,20.0408,146.99987278906062
L09,L09-A,A,M1,34,-73.5,127.31,20.0334,147.00369417126905
L09,L09-A,A,M1,35,-103.94,103.94,20.0306,146.9933576730595
L09,L09-A,A,M1,36,-127.31,73.5,20.0419,147.00369417126905
L09,L09-A,A,M1,37,-141.99,38.05,20.077,146.99987278906062
L09,L09-A,A,M1,38,-147.0,0.0,20.0852,147.0
L09,L09-A,A,M1,39,-141.99,-38.05,20.0417,146.99987278906062
L09,L09-A,A,M1,40,-127.31,-73.5,20.0865,147.00369417126905
L09,L09-A,A,M1,41,-103.94,-103.94,20.0491,146.9933576730595
L09,L09-A,A,M1,42,-73.5,-127.31,20.0835,147.00369417126905
L09,L09-A,A,M1,43,-38.05,-141.99,20.0466,146.99987278906062
L09,L09-A,A,M1,44,-0.0,-147.0,20.0511,147.0
L09,L09-A,A,M1,45,38.05,-141.99,20.0557,146.99987278906062
L09,L09-A,A,M1,46,73.5,-127.31,20.112,147.00369417126905
L09,L09-A,A,M1,47,103.94,-103.94,20.0655,146.9933576730595
L09,L09-A,A,M1,48,127.31,-73.5,20.0343,147.00369417126905
L09,L09-A,A,M1,49,141.99,-38.05,20.0678,146.99987278906062
L09,L09-B,B,M1,1,0.0,0.0,19.9794,0.0
L09,L09-B,B,M1,2,49.0,0.0,20.0082,49.0
L09,L09-B,B,M1,3,34.65,34.65,19.9907,49.00249993622774
L09,L09-B,B,M1,4,0.0,49.0,19.9956,49.0
L09,L09-B,B,M1,5,-34.65,34.65,19.9903,49.00249993622774
L09,L09-B,B,M1,6,-49.0,0.0,19.9968,49.0
L09,L09-B,B,M1,7,-34.65,-34.65,19.9986,49.00249993622774
L09,L09-B,B,M1,8,-0.0,-49.0,19.9513,49.0
L09,L09-B,B,M1,9,34.65,-34.65,20.0034,49.00249993622774
L09,L09-B,B,M1,10,98.0,0.0,19.9841,98.0
L09,L09-B,B,M1,11,90.54,37.5,19.9749,97.99868162378513
L09,L09-B,B,M1,12,69.3,69.3,20.0026,98.00499987245549
L09,L09-B,B,M1,13,37.5,90.54,20.0054,97.99868162378513
L09,L09-B,B,M1,14,0.0,98.0,19.9899,98.0
L09,L09-B,B,M1,15,-37.5,90.54,20.0203,97.99868162378513
L09,L09-B,B,M1,16,-69.3,69.3,19.9769,98.00499987245549
L09,L09-B,B,M1,17,-90.54,37.5,19.9956,97.99868162378513
L09,L09-B,B,M1,18,-98.0,0.0,19.992,98.0
L09,L09-B,B,M1,19,-90.54,-37.5,20.0028,97.99868162378513
L09,L09-B,B,M1,20,-69.3,-69.3,20.0093,98.00499987245549
L09,L09-B,B,M1,21,-37.5,-90.54,19.9836,97.99868162378513
L09,L09-B,B,M1,22,-0.0,-98.0,20.0182,98.0
L09,L09-B,B,M1,23,37.5,-90.54,20.005,97.99868162378513
L09,L09-B,B,M1,24,69.3,-69.3,19.9659,98.00499987245549
L09,L09-B,B,M1,25,90.54,-37.5,19.9645,97.99868162378513
L09,L09-B,B,M1,26,147.0,0.0,20.0627,147.0
L09,L09-B,B,M1,27,141.99,38.05,20.0585,146.99987278906062
L09,L09-B,B,M1,28,127.31,73.5,20.0609,147.00369417126905
L09,L09-B,B,M1,29,103.94,103.94,20.0624,146.9933576730595
L09,L09-B,B,M1,30,73.5,127.31,20.0674,147.00369417126905
L09,L09-B,B,M1,31,38.05,141.99,20.0819,146.99987278906062
L09,L09-B,B,M1,32,0.0,147.0,20.0407,147.0
L09,L09-B,B,M1,33,-38.05,141.99,20.0395,146.99987278906062
L09,L09-B,B,M1,34,-73.5,127.31,20.0411,147.00369417126905
L09,L09-B,B,M1,35,-103.94,103.94,20.0687,146.9933576730595
L09,L09-B,B,M1,36,-127.31,73.5,20.0878,147.00369417126905
L09,L09-B,B,M1,37,-141.99,38.05,20.0543,146.99987278906062
L09,L09-B,B,M1,38,-147.0,0.0,20.0129,147.0
L09,L09-B,B,M1,39,-141.99,-38.05,20.0289,146.99987278906062
L09,L09-B,B,M1,40,-127.31,-73.5,20.0463,147.00369417126905
L09,L09-B,B,M1,41,-103.94,-103.94,20.0518,146.9933576730595
L09,L09-B,B,M1,42,-73.5,-127.31,20.0548,147.00369417126905
L09,L09-B,B,M1,43,-38.05,-141.99,20.0637,146.99987278906062
L09,L09-B,B,M1,44,-0.0,-147.0,20.0567,147.0
L09,L09-B,B,M1,45,38.05,-141.99,20.0839,146.99987278906062
L09,L09-B,B,M1,46,73.5,-127.31,20.0494,147.00369417126905
L09,L09-B,B,M1,47,103.94,-103.94,20.0457,146.9933576730595
L09,L09-B,B,M1,48,127.31,-73.5,20.0725,147.00369417126905
L09,L09-B,B,M1,49,141.99,-38.05,20.0322,146.99987278906062
L10,L10-A,A,M1,1,0.0,0.0,20.0137,0.0
L10,L10-A,A,M1,2,49.0,0.0,20.0097,49.0
L10,L10-A,A,M1,3,34.65,34.65,20.0444,49.00249993622774
L10,L10-A,A,M1,4,0.0,49.0,20.0002,49.0
L10,L10-A,A,M1,5,-34.65,34.65,20.0538,49.00249993622774
L10,L10-A,A,M1,6,-49.0,0.0,20.0081,49.0
L10,L10-A,A,M1,7,-34.65,-34.65,19.9871,49.00249993622774
L10,L10-A,A,M1,8,-0.0,-49.0,20.014,49.0
L10,L10-A,A,M1,9,34.65,-34.65,19.9911,49.00249993622774
L10,L10-A,A,M1,10,98.0,0.0,20.0112,98.0
L10,L10-A,A,M1,11,90.54,37.5,20.0342,97.99868162378513
L10,L10-A,A,M1,12,69.3,69.3,20.0374,98.00499987245549
L10,L10-A,A,M1,13,37.5,90.54,20.0138,97.99868162378513
L10,L10-A,A,M1,14,0.0,98.0,20.046,98.0
L10,L10-A,A,M1,15,-37.5,90.54,20.0494,97.99868162378513
L10,L10-A,A,M1,16,-69.3,69.3,20.055,98.00499987245549
L10,L10-A,A,M1,17,-90.54,37.5,20.0369,97.99868162378513
L10,L10-A,A,M1,18,-98.0,0.0,20.0535,98.0
L10,L10-A,A,M1,19,-90.54,-37.5,19.9887,97.99868162378513
L10,L10-A,A,M1,20,-69.3,-69.3,20.0199,98.00499987245549
L10,L10-A,A,M1,21,-37.5,-90.54,20.0089,97.99868162378513
L10,L10-A,A,M1,22,-0.0,-98.0,20.0287,98.0
L10,L10-A,A,M1,23,37.5,-90.54,20.0148,97.99868162378513
L10,L10-A,A,M1,24,69.3,-69.3,20.0229,98.00499987245549
L10,L10-A,A,M1,25,90.54,-37.5,20.0639,97.99868162378513
L10,L10-A,A,M1,26,147.0,0.0,20.0821,147.0
L10,L10-A,A,M1,27,141.99,38.05,20.0938,146.99987278906062
L10,L10-A,A,M1,28,127.31,73.5,20.0808,147.00369417126905
L10,L10-A,A,M1,29,103.94,103.94,20.087,146.9933576730595
L10,L10-A,A,M1,30,73.5,127.31,20.0856,147.00369417126905
L10,L10-A,A,M1,31,38.05,141.99,20.0944,146.99987278906062
L10,L10-A,A,M1,32,0.0,147.0,20.1088,147.0
L10,L10-A,A,M1,33,-38.05,141.99,20.1184,146.99987278906062
L10,L10-A,A,M1,34,-73.5,127.31,20.0917,147.00369417126905
L10,L10-A,A,M1,35,-103.94,103.94,20.0973,146.9933576730595
L10,L10-A,A,M1,36,-127.31,73.5,20.0625,147.00369417126905
L10,L10-A,A,M1,37,-141.99,38.05,20.0837,146.99987278906062
L10,L10-A,A,M1,38,-147.0,0.0,20.1043,147.0
L10,L10-A,A,M1,39,-141.99,-38.05,20.1028,146.99987278906062
L10,L10-A,A,M1,40,-127.31,-73.5,20.0897,147.00369417126905
L10,L10-A,A,M1,41,-103.94,-103.94,20.1032,146.9933576730595
L10,L10-A,A,M1,42,-73.5,-127.31,20.0953,147.00369417126905
L10,L10-A,A,M1,43,-38.05,-141.99,20.1095,146.99987278906062
L10,L10-A,A,M1,44,-0.0,-147.0,20.0913,147.0
L10,L10-A,A,M1,45,38.05,-141.99,20.0784,146.99987278906062
L10,L10-A,A,M1,46,73.5,-127.31,20.0922,147.00369417126905
L10,L10-A,A,M1,47,103.94,-103.94,20.0269,146.9933576730595
L10,L10-A,A,M1,48,127.31,-73.5,20.0931,147.00369417126905
L10,L10-A,A,M1,49,141.99,-38.05,20.0125,146.99987278906062
L10,L10-B,B,M1,1,0.0,0.0,19.9573,0.0
L10,L10-B,B,M1,2,49.0,0.0,19.9588,49.0
L10,L10-B,B,M1,3,34.65,34.65,19.926,49.00249993622774
L10,L10-B,B,M1,4,0.0,49.0,19.935,49.0
L10,L10-B,B,M1,5,-34.65,34.65,19.9766,49.00249993622774
L10,L10-B,B,M1,6,-49.0,0.0,19.9395,49.0
L10,L10-B,B,M1,7,-34.65,-34.65,19.9941,49.00249993622774
L10,L10-B,B,M1,8,-0.0,-49.0,19.9492,49.0
L10,L10-B,B,M1,9,34.65,-34.65,19.9574,49.00249993622774
L10,L10-B,B,M1,10,98.0,0.0,19.9952,98.0
L10,L10-B,B,M1,11,90.54,37.5,19.9655,97.99868162378513
L10,L10-B,B,M1,12,69.3,69.3,19.9428,98.00499987245549
L10,L10-B,B,M1,13,37.5,90.54,19.9607,97.99868162378513
L10,L10-B,B,M1,14,0.0,98.0,19.9622,98.0
L10,L10-B,B,M1,15,-37.5,90.54,19.9356,97.99868162378513
L10,L10-B,B,M1,16,-69.3,69.3,19.9578,98.00499987245549
L10,L10-B,B,M1,17,-90.54,37.5,19.948,97.99868162378513
L10,L10-B,B,M1,18,-98.0,0.0,19.9814,98.0
L10,L10-B,B,M1,19,-90.54,-37.5,19.9636,97.99868162378513
L10,L10-B,B,M1,20,-69.3,-69.3,19.9572,98.00499987245549
L10,L10-B,B,M1,21,-37.5,-90.54,19.9607,97.99868162378513
L10,L10-B,B,M1,22,-0.0,-98.0,19.9673,98.0
L10,L10-B,B,M1,23,37.5,-90.54,19.9752,97.99868162378513
L10,L10-B,B,M1,24,69.3,-69.3,19.9429,98.00499987245549
L10,L10-B,B,M1,25,90.54,-37.5,19.942,97.99868162378513
L10,L10-B,B,M1,26,147.0,0.0,20.0442,147.0
L10,L10-B,B,M1,27,141.99,38.05,20.0138,146.99987278906062
L10,L10-B,B,M1,28,127.31,73.5,19.9937,147.00369417126905
L10,L10-B,B,M1,29,103.94,103.94,20.031,146.9933576730595
L10,L10-B,B,M1,30,73.5,127.31,20.0314,147.00369417126905
L10,L10-B,B,M1,31,38.05,141.99,19.9915,146.99987278906062
L10,L10-B,B,M1,32,0.0,147.0,20.0267,147.0
L10,L10-B,B,M1,33,-38.05,141.99,20.0368,146.99987278906062
L10,L10-B,B,M1,34,-73.5,127.31,20.0296,147.00369417126905
L10,L10-B,B,M1,35,-103.94,103.94,20.0347,146.9933576730595
L10,L10-B,B,M1,36,-127.31,73.5,19.994,147.00369417126905
L10,L10-B,B,M1,37,-141.99,38.05,20.0287,146.99987278906062
L10,L10-B,B,M1,38,-147.0,0.0,20.016,147.0
L10,L10-B,B,M1,39,-141.99,-38.05,20.0124,146.99987278906062
L10,L10-B,B,M1,40,-127.31,-73.5,20.0395,147.00369417126905
L10,L10-B,B,M1,41,-103.94,-103.94,20.0517,146.9933576730595
L10,L10-B,B,M1,42,-73.5,-127.31,20.058,147.00369417126905
L10,L10-B,B,M1,43,-38.05,-141.99,20.0484,146.99987278906062
L10,L10-B,B,M1,44,-0.0,-147.0,20.0199,147.0
L10,L10-B,B,M1,45,38.05,-141.99,20.0291,146.99987278906062
L10,L10-B,B,M1,46,73.5,-127.31,20.0374,147.00369417126905
L10,L10-B,B,M1,47,103.94,-103.94,20.0245,146.9933576730595
L10,L10-B,B,M1,48,127.31,-73.5,20.0247,147.00369417126905
L10,L10-B,B,M1,49,141.99,-38.05,20.0386,146.99987278906062
L11,L11-A,A,M1,1,0.0,0.0,19.9836,0.0
L11,L11-A,A,M1,2,49.0,0.0,19.9908,49.0
L11,L11-A,A,M1,3,34.65,34.65,20.0118,49.00249993622774
L11,L11-A,A,M1,4,0.0,49.0,19.9992,49.0
L11,L11-A,A,M1,5,-34.65,34.65,20.0059,49.00249993622774
L11,L11-A,A,M1,6,-49.0,0.0,20.0125,49.0
L11,L11-A,A,M1,7,-34.65,-34.65,19.9916,49.00249993622774
L11,L11-A,A,M1,8,-0.0,-49.0,20.0143,49.0
L11,L11-A,A,M1,9,34.65,-34.65,20.0067,49.00249993622774
L11,L11-A,A,M1,10,98.0,0.0,19.9881,98.0
L11,L11-A,A,M1,11,90.54,37.5,20.0416,97.99868162378513
L11,L11-A,A,M1,12,69.3,69.3,20.0028,98.00499987245549
L11,L11-A,A,M1,13,37.5,90.54,19.9797,97.99868162378513
L11,L11-A,A,M1,14,0.0,98.0,19.9919,98.0
L11,L11-A,A,M1,15,-37.5,90.54,19.9924,97.99868162378513
L11,L11-A,A,M1,16,-69.3,69.3,20.0138,98.00499987245549
L11,L11-A,A,M1,17,-90.54,37.5,20.0073,97.99868162378513
L11,L11-A,A,M1,18,-98.0,0.0,20.0061,98.0
L11,L11-A,A,M1,19,-90.54,-37.5,20.0252,97.99868162378513
L11,L11-A,A,M1,20,-69.3,-69.3,20.0196,98.00499987245549
L11,L11-A,A,M1,21,-37.5,-90.54,20.0191,97.99868162378513
L11,L11-A,A,M1,22,-0.0,-98.0,20.021,98.0
L11,L11-A,A,M1,23,37.5,-90.54,20.0251,97.99868162378513
L11,L11-A,A,M1,24,69.3,-69.3,19.9706,98.00499987245549
L11,L11-A,A,M1,25,90.54,-37.5,20.0055,97.99868162378513
L11,L11-A,A,M1,26,147.0,0.0,20.0284,147.0
L11,L11-A,A,M1,27,141.99,38.05,20.0727,146.99987278906062
L11,L11-A,A,M1,28,127.31,73.5,20.0719,147.00369417126905
L11,L11-A,A,M1,29,103.94,103.94,20.0929,146.9933576730595
L11,L11-A,A,M1,30,73.5,127.31,20.0958,147.00369417126905
L11,L11-A,A,M1,31,38.05,141.99,20.0761,146.99987278906062
L11,L11-A,A,M1,32,0.0,147.0,20.062,147.0
L11,L11-A,A,M1,33,-38.05,141.99,20.0817,146.99987278906062
L11,L11-A,A,M1,34,-73.5,127.31,20.0615,147.00369417126905
L11,L11-A,A,M1,35,-103.94,103.94,20.072,146.9933576730595
L11,L11-A,A,M1,36,-127.31,73.5,20.0917,147.00369417126905
L11,L11-A,A,M1,37,-141.99,38.05,20.0609,146.99987278906062
L11,L11-A,A,M1,38,-147.0,0.0,20.0881,147.0
L11,L11-A,A,M1,39,-141.99,-38.05,20.0856,146.99987278906062
L11,L11-A,A,M1,40,-127.31,-73.5,20.0529,147.00369417126905
L11,L11-A,A,M1,41,-103.94,-103.94,20.0915,146.9933576730595
L11,L11-A,A,M1,42,-73.5,-127.31,20.086,147.00369417126905
L11,L11-A,A,M1,43,-38.05,-141.99,20.074,146.99987278906062
L11,L11-A,A,M1,44,-0.0,-147.0,20.0568,147.0
L11,L11-A,A,M1,45,38.05,-141.99,20.0548,146.99987278906062
L11,L11-A,A,M1,46,73.5,-127.31,20.0613,147.00369417126905
L11,L11-A,A,M1,47,103.94,-103.94,20.0829,146.9933576730595
L11,L11-A,A,M1,48,127.31,-73.5,20.0529,147.00369417126905
L11,L11-A,A,M1,49,141.99,-38.05,20.0808,146.99987278906062
L11,L11-B,B,M1,1,0.0,0.0,19.9587,0.0
L11,L11-B,B,M1,2,49.0,0.0,19.9659,49.0
L11,L11-B,B,M1,3,34.65,34.65,20.0126,49.00249993622774
L11,L11-B,B,M1,4,0.0,49.0,19.9361,49.0
L11,L11-B,B,M1,5,-34.65,34.65,19.9931,49.00249993622774
L11,L11-B,B,M1,6,-49.0,0.0,19.9667,49.0
L11,L11-B,B,M1,7,-34.65,-34.65,19.9719,49.00249993622774
L11,L11-B,B,M1,8,-0.0,-49.0,19.966,49.0
L11,L11-B,B,M1,9,34.65,-34.65,19.9726,49.00249993622774
L11,L11-B,B,M1,10,98.0,0.0,19.9742,98.0
L11,L11-B,B,M1,11,90.54,37.5,20.0064,97.99868162378513
L11,L11-B,B,M1,12,69.3,69.3,19.9682,98.00499987245549
L11,L11-B,B,M1,13,37.5,90.54,20.0,97.99868162378513
L11,L11-B,B,M1,14,0.0,98.0,19.9644,98.0
L11,L11-B,B,M1,15,-37.5,90.54,19.9761,97.99868162378513
L11,L11-B,B,M1,16,-69.3,69.3,19.9559,98.00499987245549
L11,L11-B,B,M1,17,-90.54,37.5,19.9864,97.99868162378513
L11,L11-B,B,M1,18,-98.0,0.0,20.0062,98.0
L11,L11-B,B,M1,19,-90.54,-37.5,19.9758,97.99868162378513
L11,L11-B,B,M1,20,-69.3,-69.3,19.9734,98.00499987245549
L11,L11-B,B,M1,21,-37.5,-90.54,19.955,97.99868162378513
L11,L11-B,B,M1,22,-0.0,-98.0,19.9727,98.0
L11,L11-B,B,M1,23,37.5,-90.54,19.9455,97.99868162378513
L11,L11-B,B,M1,24,69.3,-69.3,19.9591,98.00499987245549
L11,L11-B,B,M1,25,90.54,-37.5,19.9819,97.99868162378513
L11,L11-B,B,M1,26,147.0,0.0,20.0629,147.0
L11,L11-B,B,M1,27,141.99,38.05,20.0927,146.99987278906062
L11,L11-B,B,M1,28,127.31,73.5,20.0248,147.00369417126905
L11,L11-B,B,M1,29,103.94,103.94,20.0652,146.9933576730595
L11,L11-B,B,M1,30,73.5,127.31,20.0414,147.00369417126905
L11,L11-B,B,M1,31,38.05,141.99,20.0335,146.99987278906062
L11,L11-B,B,M1,32,0.0,147.0,20.0452,147.0
L11,L11-B,B,M1,33,-38.05,141.99,20.0378,146.99987278906062
L11,L11-B,B,M1,34,-73.5,127.31,20.0387,147.00369417126905
L11,L11-B,B,M1,35,-103.94,103.94,20.0284,146.9933576730595
L11,L11-B,B,M1,36,-127.31,73.5,20.0086,147.00369417126905
L11,L11-B,B,M1,37,-141.99,38.05,20.0057,146.99987278906062
L11,L11-B,B,M1,38,-147.0,0.0,20.0496,147.0
L11,L11-B,B,M1,39,-141.99,-38.05,20.031,146.99987278906062
L11,L11-B,B,M1,40,-127.31,-73.5,20.0246,147.00369417126905
L11,L11-B,B,M1,41,-103.94,-103.94,20.0367,146.9933576730595
L11,L11-B,B,M1,42,-73.5,-127.31,20.0524,147.00369417126905
L11,L11-B,B,M1,43,-38.05,-141.99,20.0401,146.99987278906062
L11,L11-B,B,M1,44,-0.0,-147.0,20.0234,147.0
L11,L11-B,B,M1,45,38.05,-141.99,20.0611,146.99987278906062
L11,L11-B,B,M1,46,73.5,-127.31,20.0681,147.00369417126905
L11,L11-B,B,M1,47,103.94,-103.94,20.0464,146.9933576730595
L11,L11-B,B,M1,48,127.31,-73.5,20.056,147.00369417126905
L11,L11-B,B,M1,49,141.99,-38.05,20.0614,146.99987278906062
L12,L12-A,A,M1,1,0.0,0.0,20.0462,0.0
L12,L12-A,A,M1,2,49.0,0.0,20.0468,49.0
L12,L12-A,A,M1,3,34.65,34.65,20.0452,49.00249993622774
L12,L12-A,A,M1,4,0.0,49.0,20.0129,49.0
L12,L12-A,A,M1,5,-34.65,34.65,20.0488,49.00249993622774
L12,L12-A,A,M1,6,-49.0,0.0,20.0077,49.0
L12,L12-A,A,M1,7,-34.65,-34.65,20.0189,49.00249993622774
L12,L12-A,A,M1,8,-0.0,-49.0,20.0609,49.0
L12,L12-A,A,M1,9,34.65,-34.65,20.0516,49.00249993622774
L12,L12-A,A,M1,10,98.0,0.0,20.0782,98.0
L12,L12-A,A,M1,11,90.54,37.5,20.043,97.99868162378513
L12,L12-A,A,M1,12,69.3,69.3,20.0254,98.00499987245549
L12,L12-A,A,M1,13,37.5,90.54,20.0437,97.99868162378513
L12,L12-A,A,M1,14,0.0,98.0,20.0505,98.0
L12,L12-A,A,M1,15,-37.5,90.54,20.0501,97.99868162378513
L12,L12-A,A,M1,16,-69.3,69.3,20.0712,98.00499987245549
L12,L12-A,A,M1,17,-90.54,37.5,20.0413,97.99868162378513
L12,L12-A,A,M1,18,-98.0,0.0,20.0555,98.0
L12,L12-A,A,M1,19,-90.54,-37.5,20.0287,97.99868162378513
L12,L12-A,A,M1,20,-69.3,-69.3,20.0575,98.00499987245549
L12,L12-A,A,M1,21,-37.5,-90.54,20.0485,97.99868162378513
L12,L12-A,A,M1,22,-0.0,-98.0,20.0335,98.0
L12,L12-A,A,M1,23,37.5,-90.54,20.0438,97.99868162378513
L12,L12-A,A,M1,24,69.3,-69.3,20.0448,98.00499987245549
L12,L12-A,A,M1,25,90.54,-37.5,20.0431,97.99868162378513
L12,L12-A,A,M1,26,147.0,0.0,20.1431,147.0
L12,L12-A,A,M1,27,141.99,38.05,20.1057,146.99987278906062
L12,L12-A,A,M1,28,127.31,73.5,20.1028,147.00369417126905
L12,L12-A,A,M1,29,103.94,103.94,20.0657,146.9933576730595
L12,L12-A,A,M1,30,73.5,127.31,20.0898,147.00369417126905
L12,L12-A,A,M1,31,38.05,141.99,20.1024,146.99987278906062
L12,L12-A,A,M1,32,0.0,147.0,20.094,147.0
L12,L12-A,A,M1,33,-38.05,141.99,20.1353,146.99987278906062
L12,L12-A,A,M1,34,-73.5,127.31,20.1044,147.00369417126905
L12,L12-A,A,M1,35,-103.94,103.94,20.1335,146.9933576730595
L12,L12-A,A,M1,36,-127.31,73.5,20.1089,147.00369417126905
L12,L12-A,A,M1,37,-141.99,38.05,20.1084,146.99987278906062
L12,L12-A,A,M1,38,-147.0,0.0,20.1059,147.0
L12,L12-A,A,M1,39,-141.99,-38.05,20.1078,146.99987278906062
L12,L12-A,A,M1,40,-127.31,-73.5,20.1421,147.00369417126905
L12,L12-A,A,M1,41,-103.94,-103.94,20.0613,146.9933576730595
L12,L12-A,A,M1,42,-73.5,-127.31,20.0677,147.00369417126905
L12,L12-A,A,M1,43,-38.05,-141.99,20.0968,146.99987278906062
L12,L12-A,A,M1,44,-0.0,-147.0,20.108,147.0
L12,L12-A,A,M1,45,38.05,-141.99,20.1215,146.99987278906062
L12,L12-A,A,M1,46,73.5,-127.31,20.1172,147.00369417126905
L12,L12-A,A,M1,47,103.94,-103.94,20.1,146.9933576730595
L12,L12-A,A,M1,48,127.31,-73.5,20.1281,147.00369417126905
L12,L12-A,A,M1,49,141.99,-38.05,20.1283,146.99987278906062
L12,L12-B,B,M1,1,0.0,0.0,20.0248,0.0
L12,L12-B,B,M1,2,49.0,0.0,20.0119,49.0
L12,L12-B,B,M1,3,34.65,34.65,19.9952,49.00249993622774
L12,L12-B,B,M1,4,0.0,49.0,20.0204,49.0
L12,L12-B,B,M1,5,-34.65,34.65,20.0086,49.00249993622774
L12,L12-B,B,M1,6,-49.0,0.0,20.0065,49.0
L12,L12-B,B,M1,7,-34.65,-34.65,20.0359,49.00249993622774
L12,L12-B,B,M1,8,-0.0,-49.0,19.9574,49.0
L12,L12-B,B,M1,9,34.65,-34.65,19.9781,49.00249993622774
L12,L12-B,B,M1,10,98.0,0.0,19.9964,98.0
L12,L12-B,B,M1,11,90.54,37.5,20.0128,97.99868162378513
L12,L12-B,B,M1,12,69.3,69.3,20.015,98.00499987245549
L12,L12-B,B,M1,13,37.5,90.54,19.99,97.99868162378513
L12,L12-B,B,M1,14,0.0,98.0,20.0004,98.0
L12,L12-B,B,M1,15,-37.5,90.54,20.0029,97.99868162378513
L12,L12-B,B,M1,16,-69.3,69.3,20.0692,98.00499987245549
L12,L12-B,B,M1,17,-90.54,37.5,20.0561,97.99868162378513
L12,L12-B,B,M1,18,-98.0,0.0,20.0119,98.0
L12,L12-B,B,M1,19,-90.54,-37.5,20.0128,97.99868162378513
L12,L12-B,B,M1,20,-69.3,-69.3,19.9971,98.00499987245549
L12,L12-B,B,M1,21,-37.5,-90.54,19.9819,97.99868162378513
L12,L12-B,B,M1,22,-0.0,-98.0,20.0178,98.0
L12,L12-B,B,M1,23,37.5,-90.54,20.0001,97.99868162378513
L12,L12-B,B,M1,24,69.3,-69.3,20.0184,98.00499987245549
L12,L12-B,B,M1,25,90.54,-37.5,19.9881,97.99868162378513
L12,L12-B,B,M1,26,147.0,0.0,20.0641,147.0
L12,L12-B,B,M1,27,141.99,38.05,20.0823,146.99987278906062
L12,L12-B,B,M1,28,127.31,73.5,20.0866,147.00369417126905
L12,L12-B,B,M1,29,103.94,103.94,20.0877,146.9933576730595
L12,L12-B,B,M1,30,73.5,127.31,20.0529,147.00369417126905
L12,L12-B,B,M1,31,38.05,141.99,20.0964,146.99987278906062
L12,L12-B,B,M1,32,0.0,147.0,20.0633,147.0
L12,L12-B,B,M1,33,-38.05,141.99,20.092,146.99987278906062
L12,L12-B,B,M1,34,-73.5,127.31,20.0791,147.00369417126905
L12,L12-B,B,M1,35,-103.94,103.94,20.0518,146.9933576730595
L12,L12-B,B,M1,36,-127.31,73.5,20.073,147.00369417126905
L12,L12-B,B,M1,37,-141.99,38.05,20.0866,146.99987278906062
L12,L12-B,B,M1,38,-147.0,0.0,20.0916,147.0
L12,L12-B,B,M1,39,-141.99,-38.05,20.0765,146.99987278906062
L12,L12-B,B,M1,40,-127.31,-73.5,20.1099,147.00369417126905
L12,L12-B,B,M1,41,-103.94,-103.94,20.0995,146.9933576730595
L12,L12-B,B,M1,42,-73.5,-127.31,20.0742,147.00369417126905
L12,L12-B,B,M1,43,-38.05,-141.99,20.0943,146.99987278906062
L12,L12-B,B,M1,44,-0.0,-147.0,20.118,147.0
L12,L12-B,B,M1,45,38.05,-141.99,20.1185,146.99987278906062
L12,L12-B,B,M1,46,73.5,-127.31,20.0548,147.00369417126905
L12,L12-B,B,M1,47,103.94,-103.94,20.0608,146.9933576730595
L12,L12-B,B,M1,48,127.31,-73.5,20.109,147.00369417126905
L12,L12-B,B,M1,49,141.99,-38.05,20.0581,146.99987278906062
L13,L13-A,A,M1,1,0.0,0.0,19.9506,0.0
L13,L13-A,A,M1,2,49.0,0.0,19.9696,49.0
L13,L13-A,A,M1,3,34.65,34.65,19.9592,49.00249993622774
L13,L13-A,A,M1,4,0.0,49.0,19.9482,49.0
L13,L13-A,A,M1,5,-34.65,34.65,19.9478,49.00249993622774
L13,L13-A,A,M1,6,-49.0,0.0,19.947,49.0
L13,L13-A,A,M1,7,-34.65,-34.65,19.9436,49.00249993622774
L13,L13-A,A,M1,8,-0.0,-49.0,20.0069,49.0
L13,L13-A,A,M1,9,34.65,-34.65,19.9672,49.00249993622774
L13,L13-A,A,M1,10,98.0,0.0,19.9926,98.0
L13,L13-A,A,M1,11,90.54,37.5,19.9651,97.99868162378513
L13,L13-A,A,M1,12,69.3,69.3,19.9712,98.00499987245549
L13,L13-A,A,M1,13,37.5,90.54,19.9606,97.99868162378513
L13,L13-A,A,M1,14,0.0,98.0,19.9219,98.0
L13,L13-A,A,M1,15,-37.5,90.54,19.9473,97.99868162378513
L13,L13-A,A,M1,16,-69.3,69.3,19.9387,98.00499987245549
L13,L13-A,A,M1,17,-90.54,37.5,19.9299,97.99868162378513
L13,L13-A,A,M1,18,-98.0,0.0,19.951,98.0
L13,L13-A,A,M1,19,-90.54,-37.5,20.0014,97.99868162378513
L13,L13-A,A,M1,20,-69.3,-69.3,19.974,98.00499987245549
L13,L13-A,A,M1,21,-37.5,-90.54,20.0007,97.99868162378513
L13,L13-A,A,M1,22,-0.0,-98.0,19.9831,98.0
L13,L13-A,A,M1,23,37.5,-90.54,19.9906,97.99868162378513
L13,L13-A,A,M1,24,69.3,-69.3,19.9569,98.00499987245549
L13,L13-A,A,M1,25,90.54,-37.5,19.9854,97.99868162378513
L13,L13-A,A,M1,26,147.0,0.0,20.0487,147.0
L13,L13-A,A,M1,27,141.99,38.05,20.0226,146.99987278906062
L13,L13-A,A,M1,28,127.31,73.5,20.0453,147.00369417126905
L13,L13-A,A,M1,29,103.94,103.94,20.0454,146.9933576730595
L13,L13-A,A,M1,30,73.5,127.31,20.0231,147.00369417126905
L13,L13-A,A,M1,31,38.05,141.99,20.0117,146.99987278906062
L13,L13-A,A,M1,32,0.0,147.0,20.0104,147.0
L13,L13-A,A,M1,33,-38.05,141.99,20.0358,146.99987278906062
L13,L13-A,A,M1,34,-73.5,127.31,20.0407,147.00369417126905
L13,L13-A,A,M1,35,-103.94,103.94,20.0183,146.9933576730595
L13,L13-A,A,M1,36,-127.31,73.5,20.0346,147.00369417126905
L13,L13-A,A,M1,37,-141.99,38.05,20.0455,146.99987278906062
L13,L13-A,A,M1,38,-147.0,0.0,20.0465,147.0
L13,L13-A,A,M1,39,-141.99,-38.05,20.0652,146.99987278906062
L13,L13-A,A,M1,40,-127.31,-73.5,20.0597,147.00369417126905
L13,L13-A,A,M1,41,-103.94,-103.94,20.0141,146.9933576730595
L13,L13-A,A,M1,42,-73.5,-127.31,20.0678,147.00369417126905
L13,L13-A,A,M1,43,-38.05,-141.99,20.0235,146.99987278906062
L13,L13-A,A,M1,44,-0.0,-147.0,20.055,147.0
L13,L13-A,A,M1,45,38.05,-141.99,20.0355,146.99987278906062
L13,L13-A,A,M1,46,73.5,-127.31,20.0259,147.00369417126905
L13,L13-A,A,M1,47,103.94,-103.94,19.998,146.9933576730595
L13,L13-A,A,M1,48,127.31,-73.5,20.0307,147.00369417126905
L13,L13-A,A,M1,49,141.99,-38.05,20.0029,146.99987278906062
L13,L13-B,B,M1,1,0.0,0.0,20.0594,0.0
L13,L13-B,B,M1,2,49.0,0.0,20.014,49.0
L13,L13-B,B,M1,3,34.65,34.65,20.036,49.00249993622774
L13,L13-B,B,M1,4,0.0,49.0,20.0154,49.0
L13,L13-B,B,M1,5,-34.65,34.65,20.0174,49.00249993622774
L13,L13-B,B,M1,6,-49.0,0.0,20.0454,49.0
L13,L13-B,B,M1,7,-34.65,-34.65,20.0292,49.00249993622774
L13,L13-B,B,M1,8,-0.0,-49.0,20.0647,49.0
L13,L13-B,B,M1,9,34.65,-34.65,20.0203,49.00249993622774
L13,L13-B,B,M1,10,98.0,0.0,20.0636,98.0
L13,L13-B,B,M1,11,90.54,37.5,20.0455,97.99868162378513
L13,L13-B,B,M1,12,69.3,69.3,20.0595,98.00499987245549
L13,L13-B,B,M1,13,37.5,90.54,20.0347,97.99868162378513
L13,L13-B,B,M1,14,0.0,98.0,20.0426,98.0
L13,L13-B,B,M1,15,-37.5,90.54,20.0413,97.99868162378513
L13,L13-B,B,M1,16,-69.3,69.3,20.0269,98.00499987245549
L13,L13-B,B,M1,17,-90.54,37.5,20.0568,97.99868162378513
L13,L13-B,B,M1,18,-98.0,0.0,20.0566,98.0
L13,L13-B,B,M1,19,-90.54,-37.5,20.0555,97.99868162378513
L13,L13-B,B,M1,20,-69.3,-69.3,20.0743,98.00499987245549
L13,L13-B,B,M1,21,-37.5,-90.54,20.0726,97.99868162378513
L13,L13-B,B,M1,22,-0.0,-98.0,20.0361,98.0
L13,L13-B,B,M1,23,37.5,-90.54,20.0511,97.99868162378513
L13,L13-B,B,M1,24,69.3,-69.3,20.0311,98.00499987245549
L13,L13-B,B,M1,25,90.54,-37.5,20.0441,97.99868162378513
L13,L13-B,B,M1,26,147.0,0.0,20.0908,147.0
L13,L13-B,B,M1,27,141.99,38.05,20.1352,146.99987278906062
L13,L13-B,B,M1,28,127.31,73.5,20.1101,147.00369417126905
L13,L13-B,B,M1,29,103.94,103.94,20.0984,146.9933576730595
L13,L13-B,B,M1,30,73.5,127.31,20.1267,147.00369417126905
L13,L13-B,B,M1,31,38.05,141.99,20.0594,146.99987278906062
L13,L13-B,B,M1,32,0.0,147.0,20.0625,147.0
L13,L13-B,B,M1,33,-38.05,141.99,20.1187,146.99987278906062
L13,L13-B,B,M1,34,-73.5,127.31,20.104,147.00369417126905
L13,L13-B,B,M1,35,-103.94,103.94,20.1078,146.9933576730595
L13,L13-B,B,M1,36,-127.31,73.5,20.0763,147.00369417126905
L13,L13-B,B,M1,37,-141.99,38.05,20.1023,146.99987278906062
L13,L13-B,B,M1,38,-147.0,0.0,20.1429,147.0
L13,L13-B,B,M1,39,-141.99,-38.05,20.1193,146.99987278906062
L13,L13-B,B,M1,40,-127.31,-73.5,20.1062,147.00369417126905
L13,L13-B,B,M1,41,-103.94,-103.94,20.094,146.9933576730595
L13,L13-B,B,M1,42,-73.5,-127.31,20.0949,147.00369417126905
L13,L13-B,B,M1,43,-38.05,-141.99,20.0602,146.99987278906062
L13,L13-B,B,M1,44,-0.0,-147.0,20.108,147.0
L13,L13-B,B,M1,45,38.05,-141.99,20.1197,146.99987278906062
L13,L13-B,B,M1,46,73.5,-127.31,20.0713,147.00369417126905
L13,L13-B,B,M1,47,103.94,-103.94,20.0896,146.9933576730595
L13,L13-B,B,M1,48,127.31,-73.5,20.0797,147.00369417126905
L13,L13-B,B,M1,49,141.99,-38.05,20.0835,146.99987278906062
L14,L14-A,A,M1,1,0.0,0.0,19.9599,0.0
L14,L14-A,A,M1,2,49.0,0.0,20.0148,49.0
L14,L14-A,A,M1,3,34.65,34.65,20.0176,49.00249993622774
L14,L14-A,A,M1,4,0.0,49.0,19.9975,49.0
L14,L14-A,A,M1,5,-34.65,34.65,19.9529,49.00249993622774
L14,L14-A,A,M1,6,-49.0,0.0,19.9826,49.0
L14,L14-A,A,M1,7,-34.65,-34.65,20.0272,49.00249993622774
L14,L14-A,A,M1,8,-0.0,-49.0,19.947,49.0
L14,L14-A,A,M1,9,34.65,-34.65,19.9956,49.00249993622774
L14,L14-A,A,M1,10,98.0,0.0,19.9926,98.0
L14,L14-A,A,M1,11,90.54,37.5,20.0323,97.99868162378513
L14,L14-A,A,M1,12,69.3,69.3,20.0027,98.00499987245549
L14,L14-A,A,M1,13,37.5,90.54,20.0243,97.99868162378513
L14,L14-A,A,M1,14,0.0,98.0,20.0275,98.0
L14,L14-A,A,M1,15,-37.5,90.54,20.0529,97.99868162378513
L14,L14-A,A,M1,16,-69.3,69.3,20.0121,98.00499987245549
L14,L14-A,A,M1,17,-90.54,37.5,20.0237,97.99868162378513
L14,L14-A,A,M1,18,-98.0,0.0,19.9865,98.0
L14,L14-A,A,M1,19,-90.54,-37.5,20.04,97.99868162378513
L14,L14-A,A,M1,20,-69.3,-69.3,20.001,98.00499987245549
L14,L14-A,A,M1,21,-37.5,-90.54,20.005,97.99868162378513
L14,L14-A,A,M1,22,-0.0,-98.0,20.0157,98.0
L14,L14-A,A,M1,23,37.5,-90.54,19.9849,97.99868162378513
L14,L14-A,A,M1,24,69.3,-69.3,20.0208,98.00499987245549
L14,L14-A,A,M1,25,90.54,-37.5,20.0355,97.99868162378513
L14,L14-A,A,M1,26,147.0,0.0,20.0813,147.0
L14,L14-A,A,M1,27,141.99,38.05,20.0436,146.99987278906062
L14,L14-A,A,M1,28,127.31,73.5,20.0729,147.00369417126905
L14,L14-A,A,M1,29,103.94,103.94,20.0902,146.9933576730595
L14,L14-A,A,M1,30,73.5,127.31,20.0378,147.00369417126905
L14,L14-A,A,M1,31,38.05,141.99,20.0539,146.99987278906062
L14,L14-A,A,M1,32,0.0,147.0,20.0929,147.0
L14,L14-A,A,M1,33,-38.05,141.99,20.0808,146.99987278906062
L14,L14-A,A,M1,34,-73.5,127.31,20.0836,147.00369417126905
L14,L14-A,A,M1,35,-103.94,103.94,20.1126,146.9933576730595
L14,L14-A,A,M1,36,-127.31,73.5,20.0848,147.00369417126905
L14,L14-A,A,M1,37,-141.99,38.05,20.0886,146.99987278906062
L14,L14-A,A,M1,38,-147.0,0.0,20.1296,147.0
L14,L14-A,A,M1,39,-141.99,-38.05,20.0711,146.99987278906062
L14,L14-A,A,M1,40,-127.31,-73.5,20.0594,147.00369417126905
L14,L14-A,A,M1,41,-103.94,-103.94,20.0839,146.9933576730595
L14,L14-A,A,M1,42,-73.5,-127.31,20.0842,147.00369417126905
L14,L14-A,A,M1,43,-38.05,-141.99,20.0649,146.99987278906062
L14,L14-A,A,M1,44,-0.0,-147.0,20.0547,147.0
L14,L14-A,A,M1,45,38.05,-141.99,20.1216,146.99987278906062
L14,L14-A,A,M1,46,73.5,-127.31,20.0819,147.00369417126905
L14,L14-A,A,M1,47,103.94,-103.94,20.0607,146.9933576730595
L14,L14-A,A,M1,48,127.31,-73.5,20.0937,147.00369417126905
L14,L14-A,A,M1,49,141.99,-38.05,20.0732,146.99987278906062
L14,L14-B,B,M1,1,0.0,0.0,20.0037,0.0
L14,L14-B,B,M1,2,49.0,0.0,19.9675,49.0
L14,L14-B,B,M1,3,34.65,34.65,20.0004,49.00249993622774
L14,L14-B,B,M1,4,0.0,49.0,20.0316,49.0
L14,L14-B,B,M1,5,-34.65,34.65,20.0026,49.00249993622774
L14,L14-B,B,M1,6,-49.0,0.0,19.9858,49.0
L14,L14-B,B,M1,7,-34.65,-34.65,19.9832,49.00249993622774
L14,L14-B,B,M1,8,-0.0,-49.0,19.9851,49.0
L14,L14-B,B,M1,9,34.65,-34.65,19.9882,49.00249993622774
L14,L14-B,B,M1,10,98.0,0.0,19.9994,98.0
L14,L14-B,B,M1,11,90.54,37.5,20.0253,97.99868162378513
L14,L14-B,B,M1,12,69.3,69.3,19.9723,98.00499987245549
L14,L14-B,B,M1,13,37.5,90.54,20.0242,97.99868162378513
L14,L14-B,B,M1,14,0.0,98.0,19.9994,98.0
L14,L14-B,B,M1,15,-37.5,90.54,20.0145,97.99868162378513
L14,L14-B,B,M1,16,-69.3,69.3,19.9844,98.00499987245549
L14,L14-B,B,M1,17,-90.54,37.5,20.0336,97.99868162378513
L14,L14-B,B,M1,18,-98.0,0.0,20.0319,98.0
L14,L14-B,B,M1,19,-90.54,-37.5,20.0262,97.99868162378513
L14,L14-B,B,M1,20,-69.3,-69.3,19.9767,98.00499987245549
L14,L14-B,B,M1,21,-37.5,-90.54,20.0236,97.99868162378513
L14,L14-B,B,M1,22,-0.0,-98.0,20.0151,98.0
L14,L14-B,B,M1,23,37.5,-90.54,19.9749,97.99868162378513
L14,L14-B,B,M1,24,69.3,-69.3,20.0065,98.00499987245549
L14,L14-B,B,M1,25,90.54,-37.5,20.0143,97.99868162378513
L14,L14-B,B,M1,26,147.0,0.0,20.0773,147.0
L14,L14-B,B,M1,27,141.99,38.05,20.0697,146.99987278906062
L14,L14-B,B,M1,28,127.31,73.5,20.072,147.00369417126905
L14,L14-B,B,M1,29,103.94,103.94,20.0957,146.9933576730595
L14,L14-B,B,M1,30,73.5,127.31,20.0907,147.00369417126905
L14,L14-B,B,M1,31,38.05,141.99,20.0089,146.99987278906062
L14,L14-B,B,M1,32,0.0,147.0,20.0599,147.0
L14,L14-B,B,M1,33,-38.05,141.99,20.0629,146.99987278906062
L14,L14-B,B,M1,34,-73.5,127.31,20.0312,147.00369417126905
L14,L14-B,B,M1,35,-103.94,103.94,20.0681,146.9933576730595
L14,L14-B,B,M1,36,-127.31,73.5,20.0912,147.00369417126905
L14,L14-B,B,M1,37,-141.99,38.05,20.0445,146.99987278906062
L14,L14-B,B,M1,38,-147.0,0.0,20.0729,147.0
L14,L14-B,B,M1,39,-141.99,-38.05,20.0479,146.99987278906062
L14,L14-B,B,M1,40,-127.31,-73.5,20.0528,147.00369417126905
L14,L14-B,B,M1,41,-103.94,-103.94,20.0958,146.9933576730595
L14,L14-B,B,M1,42,-73.5,-127.31,20.0554,147.00369417126905
L14,L14-B,B,M1,43,-38.05,-141.99,20.0754,146.99987278906062
L14,L14-B,B,M1,44,-0.0,-147.0,20.0288,147.0
L14,L14-B,B,M1,45,38.05,-141.99,20.1034,146.99987278906062
L14,L14-B,B,M1,46,73.5,-127.31,20.0783,147.00369417126905
L14,L14-B,B,M1,47,103.94,-103.94,20.0626,146.9933576730595
L14,L14-B,B,M1,48,127.31,-73.5,20.0777,147.00369417126905
L14,L14-B,B,M1,49,141.99,-38.05,20.038,146.99987278906062
L15,L15-A,A,M1,1,0.0,0.0,20.029,0.0
L15,L15-A,A,M1,2,49.0,0.0,20.0323,49.0
L15,L15-A,A,M1,3,34.65,34.65,20.0266,49.00249993622774
L15,L15-A,A,M1,4,0.0,49.0,20.0248,49.0
L15,L15-A,A,M1,5,-34.65,34.65,20.0503,49.00249993622774
L15,L15-A,A,M1,6,-49.0,0.0,20.0415,49.0
L15,L15-A,A,M1,7,-34.65,-34.65,20.0494,49.00249993622774
L15,L15-A,A,M1,8,-0.0,-49.0,20.0362,49.0
L15,L15-A,A,M1,9,34.65,-34.65,20.0467,49.00249993622774
L15,L15-A,A,M1,10,98.0,0.0,20.0417,98.0
L15,L15-A,A,M1,11,90.54,37.5,20.0946,97.99868162378513
L15,L15-A,A,M1,12,69.3,69.3,20.0187,98.00499987245549
L15,L15-A,A,M1,13,37.5,90.54,20.0753,97.99868162378513
L15,L15-A,A,M1,14,0.0,98.0,20.0774,98.0
L15,L15-A,A,M1,15,-37.5,90.54,20.033,97.99868162378513
L15,L15-A,A,M1,16,-69.3,69.3,20.0946,98.00499987245549
L15,L15-A,A,M1,17,-90.54,37.5,20.07,97.99868162378513
L15,L15-A,A,M1,18,-98.0,0.0,20.0695,98.0
L15,L15-A,A,M1,19,-90.54,-37.5,20.0506,97.99868162378513
L15,L15-A,A,M1,20,-69.3,-69.3,20.0457,98.00499987245549
L15,L15-A,A,M1,21,-37.5,-90.54,20.0459,97.99868162378513
L15,L15-A,A,M1,22,-0.0,-98.0,20.0579,98.0
L15,L15-A,A,M1,23,37.5,-90.54,20.0781,97.99868162378513
L15,L15-A,A,M1,24,69.3,-69.3,20.0537,98.00499987245549
L15,L15-A,A,M1,25,90.54,-37.5,20.0318,97.99868162378513
L15,L15-A,A,M1,26,147.0,0.0,20.1258,147.0
L15,L15-A,A,M1,27,141.99,38.05,20.1277,146.99987278906062
L15,L15-A,A,M1,28,127.31,73.5,20.1224,147.00369417126905
L15,L15-A,A,M1,29,103.94,103.94,20.1242,146.9933576730595
L15,L15-A,A,M1,30,73.5,127.31,20.1038,147.00369417126905
L15,L15-A,A,M1,31,38.05,141.99,20.0907,146.99987278906062
L15,L15-A,A,M1,32,0.0,147.0,20.0919,147.0
L15,L15-A,A,M1,33,-38.05,141.99,20.0766,146.99987278906062
L15,L15-A,A,M1,34,-73.5,127.31,20.114,147.00369417126905
L15,L15-A,A,M1,35,-103.94,103.94,20.1076,146.9933576730595
L15,L15-A,A,M1,36,-127.31,73.5,20.1005,147.00369417126905
L15,L15-A,A,M1,37,-141.99,38.05,20.0502,146.99987278906062
L15,L15-A,A,M1,38,-147.0,0.0,20.0843,147.0
L15,L15-A,A,M1,39,-141.99,-38.05,20.1317,146.99987278906062
L15,L15-A,A,M1,40,-127.31,-73.5,20.096,147.00369417126905
L15,L15-A,A,M1,41,-103.94,-103.94,20.1165,146.9933576730595
L15,L15-A,A,M1,42,-73.5,-127.31,20.0815,147.00369417126905
L15,L15-A,A,M1,43,-38.05,-141.99,20.138,146.99987278906062
L15,L15-A,A,M1,44,-0.0,-147.0,20.1064,147.0
L15,L15-A,A,M1,45,38.05,-141.99,20.1151,146.99987278906062
L15,L15-A,A,M1,46,73.5,-127.31,20.1558,147.00369417126905
L15,L15-A,A,M1,47,103.94,-103.94,20.1396,146.9933576730595
L15,L15-A,A,M1,48,127.31,-73.5,20.1031,147.00369417126905
L15,L15-A,A,M1,49,141.99,-38.05,20.0974,146.99987278906062
L15,L15-B,B,M1,1,0.0,0.0,20.0004,0.0
L15,L15-B,B,M1,2,49.0,0.0,19.989,49.0
L15,L15-B,B,M1,3,34.65,34.65,19.9832,49.00249993622774
L15,L15-B,B,M1,4,0.0,49.0,20.0205,49.0
L15,L15-B,B,M1,5,-34.65,34.65,19.9889,49.00249993622774
L15,L15-B,B,M1,6,-49.0,0.0,20.0371,49.0
L15,L15-B,B,M1,7,-34.65,-34.65,19.993,49.00249993622774
L15,L15-B,B,M1,8,-0.0,-49.0,20.0269,49.0
L15,L15-B,B,M1,9,34.65,-34.65,19.9983,49.00249993622774
L15,L15-B,B,M1,10,98.0,0.0,20.0241,98.0
L15,L15-B,B,M1,11,90.54,37.5,19.9903,97.99868162378513
L15,L15-B,B,M1,12,69.3,69.3,19.9877,98.00499987245549
L15,L15-B,B,M1,13,37.5,90.54,20.014,97.99868162378513
L15,L15-B,B,M1,14,0.0,98.0,20.0246,98.0
L15,L15-B,B,M1,15,-37.5,90.54,20.0056,97.99868162378513
L15,L15-B,B,M1,16,-69.3,69.3,19.9791,98.00499987245549
L15,L15-B,B,M1,17,-90.54,37.5,19.9776,97.99868162378513
L15,L15-B,B,M1,18,-98.0,0.0,19.9763,98.0
L15,L15-B,B,M1,19,-90.54,-37.5,19.9695,97.99868162378513
L15,L15-B,B,M1,20,-69.3,-69.3,20.007,98.00499987245549
L15,L15-B,B,M1,21,-37.5,-90.54,20.0273,97.99868162378513
L15,L15-B,B,M1,22,-0.0,-98.0,20.0045,98.0
L15,L15-B,B,M1,23,37.5,-90.54,19.9596,97.99868162378513
L15,L15-B,B,M1,24,69.3,-69.3,20.001,98.00499987245549
L15,L15-B,B,M1,25,90.54,-37.5,20.0016,97.99868162378513
L15,L15-B,B,M1,26,147.0,0.0,20.1059,147.0
L15,L15-B,B,M1,27,141.99,38.05,20.0349,146.99987278906062
L15,L15-B,B,M1,28,127.31,73.5,20.0562,147.00369417126905
L15,L15-B,B,M1,29,103.94,103.94,20.0981,146.9933576730595
L15,L15-B,B,M1,30,73.5,127.31,20.073,147.00369417126905
L15,L15-B,B,M1,31,38.05,141.99,20.0753,146.99987278906062
L15,L15-B,B,M1,32,0.0,147.0,20.0663,147.0
L15,L15-B,B,M1,33,-38.05,141.99,20.0706,146.99987278906062
L15,L15-B,B,M1,34,-73.5,127.31,20.0796,147.00369417126905
L15,L15-B,B,M1,35,-103.94,103.94,20.0478,146.9933576730595
L15,L15-B,B,M1,36,-127.31,73.5,20.0816,147.00369417126905
L15,L15-B,B,M1,37,-141.99,38.05,20.0366,146.99987278906062
L15,L15-B,B,M1,38,-147.0,0.0,20.0706,147.0
L15,L15-B,B,M1,39,-141.99,-38.05,20.0676,146.99987278906062
L15,L15-B,B,M1,40,-127.31,-73.5,20.0517,147.00369417126905
L15,L15-B,B,M1,41,-103.94,-103.94,20.0636,146.9933576730595
L15,L15-B,B,M1,42,-73.5,-127.31,20.0516,147.00369417126905
L15,L15-B,B,M1,43,-38.05,-141.99,20.0426,146.99987278906062
L15,L15-B,B,M1,44,-0.0,-147.0,20.057,147.0
L15,L15-B,B,M1,45,38.05,-141.99,20.0419,146.99987278906062
L15,L15-B,B,M1,46,73.5,-127.31,20.0705,147.00369417126905
L15,L15-B,B,M1,47,103.94,-103.94,20.041,146.9933576730595
L15,L15-B,B,M1,48,127.31,-73.5,20.0783,147.00369417126905
L15,L15-B,B,M1,49,141.99,-38.05,20.0404,146.99987278906062
L16,L16-A,A,M1,1,0.0,0.0,19.9705,0.0
L16,L16-A,A,M1,2,49.0,0.0,20.0104,49.0
L16,L16-A,A,M1,3,34.65,34.65,19.9905,49.00249993622774
L16,L16-A,A,M1,4,0.0,49.0,19.9797,49.0
L16,L16-A,A,M1,5,-34.65,34.65,19.9939,49.00249993622774
L16,L16-A,A,M1,6,-49.0,0.0,19.9418,49.0
L16,L16-A,A,M1,7,-34.65,-34.65,19.9831,49.00249993622774
L16,L16-A,A,M1,8,-0.0,-49.0,20.0239,49.0
L16,L16-A,A,M1,9,34.65,-34.65,19.9866,49.00249993622774
L16,L16-A,A,M1,10,98.0,0.0,19.9989,98.0
L16,L16-A,A,M1,11,90.54,37.5,20.0085,97.99868162378513
L16,L16-A,A,M1,12,69.3,69.3,20.0155,98.00499987245549
L16,L16-A,A,M1,13,37.5,90.54,19.9576,97.99868162378513
L16,L16-A,A,M1,14,0.0,98.0,19.9639,98.0
L16,L16-A,A,M1,15,-37.5,90.54,20.0018,97.99868162378513
L16,L16-A,A,M1,16,-69.3,69.3,19.9833,98.00499987245549
L16,L16-A,A,M1,17,-90.54,37.5,20.0238,97.99868162378513
L16,L16-A,A,M1,18,-98.0,0.0,19.9913,98.0
L16,L16-A,A,M1,19,-90.54,-37.5,19.9589,97.99868162378513
L16,L16-A,A,M1,20,-69.3,-69.3,19.9722,98.00499987245549
L16,L16-A,A,M1,21,-37.5,-90.54,19.9426,97.99868162378513
L16,L16-A,A,M1,22,-0.0,-98.0,19.9929,98.0
L16,L16-A,A,M1,23,37.5,-90.54,19.9938,97.99868162378513
L16,L16-A,A,M1,24,69.3,-69.3,19.9891,98.00499987245549
L16,L16-A,A,M1,25,90.54,-37.5,20.0192,97.99868162378513
L16,L16-A,A,M1,26,147.0,0.0,20.0808,147.0
L16,L16-A,A,M1,27,141.99,38.05,20.0534,146.99987278906062
L16,L16-A,A,M1,28,127.31,73.5,20.0141,147.00369417126905
L16,L16-A,A,M1,29,103.94,103.94,20.0691,146.9933576730595
L16,L16-A,A,M1,30,73.5,127.31,20.0679,147.00369417126905
L16,L16-A,A,M1,31,38.05,141.99,20.063,146.99987278906062
L16,L16-A,A,M1,32,0.0,147.0,20.0764,147.0
L16,L16-A,A,M1,33,-38.05,141.99,20.0335,146.99987278906062
L16,L16-A,A,M1,34,-73.5,127.31,20.097,147.00369417126905
L16,L16-A,A,M1,35,-103.94,103.94,20.0376,146.9933576730595
L16,L16-A,A,M1,36,-127.31,73.5,20.0718,147.00369417126905
L16,L16-A,A,M1,37,-141.99,38.05,20.0231,146.99987278906062
L16,L16-A,A,M1,38,-147.0,0.0,20.0382,147.0
L16,L16-A,A,M1,39,-141.99,-38.05,20.0871,146.99987278906062
L16,L16-A,A,M1,40,-127.31,-73.5,20.0516,147.00369417126905
L16,L16-A,A,M1,41,-103.94,-103.94,20.0736,146.9933576730595
L16,L16-A,A,M1,42,-73.5,-127.31,20.0615,147.00369417126905
L16,L16-A,A,M1,43,-38.05,-141.99,20.0547,146.99987278906062
L16,L16-A,A,M1,44,-0.0,-147.0,20.0841,147.0
L16,L16-A,A,M1,45,38.05,-141.99,20.0521,146.99987278906062
L16,L16-A,A,M1,46,73.5,-127.31,20.0212,147.00369417126905
L16,L16-A,A,M1,47,103.94,-103.94,20.0407,146.9933576730595
L16,L16-A,A,M1,48,127.31,-73.5,20.0678,147.00369417126905
L16,L16-A,A,M1,49,141.99,-38.05,20.0647,146.99987278906062
L16,L16-B,B,M1,1,0.0,0.0,19.9385,0.0
L16,L16-B,B,M1,2,49.0,0.0,19.9423,49.0
L16,L16-B,B,M1,3,34.65,34.65,19.9466,49.00249993622774
L16,L16-B,B,M1,4,0.0,49.0,19.9264,49.0
L16,L16-B,B,M1,5,-34.65,34.65,19.9413,49.00249993622774
L16,L16-B,B,M1,6,-49.0,0.0,19.9393,49.0
L16,L16-B,B,M1,7,-34.65,-34.65,19.9693,49.00249993622774
L16,L16-B,B,M1,8,-0.0,-49.0,19.9701,49.0
L16,L16-B,B,M1,9,34.65,-34.65,19.951,49.00249993622774
L16,L16-B,B,M1,10,98.0,0.0,19.9597,98.0
L16,L16-B,B,M1,11,90.54,37.5,19.9704,97.99868162378513
L16,L16-B,B,M1,12,69.3,69.3,19.9512,98.00499987245549
L16,L16-B,B,M1,13,37.5,90.54,19.9446,97.99868162378513
L16,L16-B,B,M1,14,0.0,98.0,19.9488,98.0
L16,L16-B,B,M1,15,-37.5,90.54,19.9549,97.99868162378513
L16,L16-B,B,M1,16,-69.3,69.3,19.9443,98.00499987245549
L16,L16-B,B,M1,17,-90.54,37.5,19.9708,97.99868162378513
L16,L16-B,B,M1,18,-98.0,0.0,19.9822,98.0
L16,L16-B,B,M1,19,-90.54,-37.5,19.9358,97.99868162378513
L16,L16-B,B,M1,20,-69.3,-69.3,19.9681,98.00499987245549
L16,L16-B,B,M1,21,-37.5,-90.54,19.9632,97.99868162378513
L16,L16-B,B,M1,22,-0.0,-98.0,19.9744,98.0
L16,L16-B,B,M1,23,37.5,-90.54,19.9673,97.99868162378513
L16,L16-B,B,M1,24,69.3,-69.3,19.9385,98.00499987245549
L16,L16-B,B,M1,25,90.54,-37.5,19.9423,97.99868162378513
L16,L16-B,B,M1,26,147.0,0.0,20.0274,147.0
L16,L16-B,B,M1,27,141.99,38.05,20.0474,146.99987278906062
L16,L16-B,B,M1,28,127.31,73.5,19.9825,147.00369417126905
L16,L16-B,B,M1,29,103.94,103.94,20.0337,146.9933576730595
L16,L16-B,B,M1,30,73.5,127.31,20.0506,147.00369417126905
L16,L16-B,B,M1,31,38.05,141.99,20.0237,146.99987278906062
L16,L16-B,B,M1,32,0.0,147.0,20.0378,147.0
L16,L16-B,B,M1,33,-38.05,141.99,20.0127,146.99987278906062
L16,L16-B,B,M1,34,-73.5,127.31,20.0244,147.00369417126905
L16,L16-B,B,M1,35,-103.94,103.94,19.9944,146.9933576730595
L16,L16-B,B,M1,36,-127.31,73.5,19.9799,147.00369417126905
L16,L16-B,B,M1,37,-141.99,38.05,20.0456,146.99987278906062
L16,L16-B,B,M1,38,-147.0,0.0,20.0071,147.0
L16,L16-B,B,M1,39,-141.99,-38.05,20.0177,146.99987278906062
L16,L16-B,B,M1,40,-127.31,-73.5,19.999,147.00369417126905
L16,L16-B,B,M1,41,-103.94,-103.94,19.9986,146.9933576730595
L16,L16-B,B,M1,42,-73.5,-127.31,20.0233,147.00369417126905
L16,L16-B,B,M1,43,-38.05,-141.99,20.0122,146.99987278906062
L16,L16-B,B,M1,44,-0.0,-147.0,20.0343,147.0
L16,L16-B,B,M1,45,38.05,-141.99,20.0358,146.99987278906062
L16,L16-B,B,M1,46,73.5,-127.31,20.0332,147.00369417126905
L16,L16-B,B,M1,47,103.94,-103.94,20.0315,146.9933576730595
L16,L16-B,B,M1,48,127.31,-73.5,20.0583,147.00369417126905
L16,L16-B,B,M1,49,141.99,-38.05,20.0054,146.99987278906062
L17,L17-A,A,M1,1,0.0,0.0,20.021,0.0
L17,L17-A,A,M1,2,49.0,0.0,20.0246,49.0
L17,L17-A,A,M1,3,34.65,34.65,19.9708,49.00249993622774
L17,L17-A,A,M1,4,0.0,49.0,19.993,49.0
L17,L17-A,A,M1,5,-34.65,34.65,20.0264,49.00249993622774
L17,L17-A,A,M1,6,-49.0,0.0,20.0094,49.0
L17,L17-A,A,M1,7,-34.65,-34.65,20.0032,49.00249993622774
L17,L17-A,A,M1,8,-0.0,-49.0,19.9949,49.0
L17,L17-A,A,M1,9,34.65,-34.65,19.9916,49.00249993622774
L17,L17-A,A,M1,10,98.0,0.0,20.0187,98.0
L17,L17-A,A,M1,11,90.54,37.5,20.0079,97.99868162378513
L17,L17-A,A,M1,12,69.3,69.3,20.0121,98.00499987245549
L17,L17-A,A,M1,13,37.5,90.54,20.0145,97.99868162378513
L17,L17-A,A,M1,14,0.0,98.0,19.9994,98.0
L17,L17-A,A,M1,15,-37.5,90.54,20.0236,97.99868162378513
L17,L17-A,A,M1,16,-69.3,69.3,20.0712,98.00499987245549
L17,L17-A,A,M1,17,-90.54,37.5,19.9774,97.99868162378513
L17,L17-A,A,M1,18,-98.0,0.0,20.0194,98.0
L17,L17-A,A,M1,19,-90.54,-37.5,19.9977,97.99868162378513
L17,L17-A,A,M1,20,-69.3,-69.3,20.0245,98.00499987245549
L17,L17-A,A,M1,21,-37.5,-90.54,20.0139,97.99868162378513
L17,L17-A,A,M1,22,-0.0,-98.0,20.0282,98.0
L17,L17-A,A,M1,23,37.5,-90.54,20.0364,97.99868162378513
L17,L17-A,A,M1,24,69.3,-69.3,20.0168,98.00499987245549
L17,L17-A,A,M1,25,90.54,-37.5,20.0356,97.99868162378513
L17,L17-A,A,M1,26,147.0,0.0,20.0253,147.0
L17,L17-A,A,M1,27,141.99,38.05,20.104,146.99987278906062
L17,L17-A,A,M1,28,127.31,73.5,20.0796,147.00369417126905
L17,L17-A,A,M1,29,103.94,103.94,20.0937,146.9933576730595
L17,L17-A,A,M1,30,73.5,127.31,20.0477,147.00369417126905
L17,L17-A,A,M1,31,38.05,141.99,20.0555,146.99987278906062
L17,L17-A,A,M1,32,0.0,147.0,20.0751,147.0
L17,L17-A,A,M1,33,-38.05,141.99,20.0718,146.99987278906062
L17,L17-A,A,M1,34,-73.5,127.31,20.0778,147.00369417126905
L17,L17-A,A,M1,35,-103.94,103.94,20.0938,146.9933576730595
L17,L17-A,A,M1,36,-127.31,73.5,20.0368,147.00369417126905
L17,L17-A,A,M1,37,-141.99,38.05,20.0916,146.99987278906062
L17,L17-A,A,M1,38,-147.0,0.0,20.0723,147.0
L17,L17-A,A,M1,39,-141.99,-38.05,20.0681,146.99987278906062
L17,L17-A,A,M1,40,-127.31,-73.5,20.0427,147.00369417126905
L17,L17-A,A,M1,41,-103.94,-103.94,20.0822,146.9933576730595
L17,L17-A,A,M1,42,-73.5,-127.31,20.0239,147.00369417126905
L17,L17-A,A,M1,43,-38.05,-141.99,20.0851,146.99987278906062
L17,L17-A,A,M1,44,-0.0,-147.0,20.0423,147.0
L17,L17-A,A,M1,45,38.05,-141.99,20.0732,146.99987278906062
L17,L17-A,A,M1,46,73.5,-127.31,20.0698,147.00369417126905
L17,L17-A,A,M1,47,103.94,-103.94,20.0955,146.9933576730595
L17,L17-A,A,M1,48,127.31,-73.5,20.0686,147.00369417126905
L17,L17-A,A,M1,49,141.99,-38.05,20.0583,146.99987278906062
L17,L17-B,B,M1,1,0.0,0.0,20.0103,0.0
L17,L17-B,B,M1,2,49.0,0.0,19.9964,49.0
L17,L17-B,B,M1,3,34.65,34.65,19.978,49.00249993622774
L17,L17-B,B,M1,4,0.0,49.0,19.981,49.0
L17,L17-B,B,M1,5,-34.65,34.65,19.9544,49.00249993622774
L17,L17-B,B,M1,6,-49.0,0.0,19.9935,49.0
L17,L17-B,B,M1,7,-34.65,-34.65,19.9505,49.00249993622774
L17,L17-B,B,M1,8,-0.0,-49.0,20.0007,49.0
L17,L17-B,B,M1,9,34.65,-34.65,19.9883,49.00249993622774
L17,L17-B,B,M1,10,98.0,0.0,20.0471,98.0
L17,L17-B,B,M1,11,90.54,37.5,19.9774,97.99868162378513
L17,L17-B,B,M1,12,69.3,69.3,19.9973,98.00499987245549
L17,L17-B,B,M1,13,37.5,90.54,20.0353,97.99868162378513
L17,L17-B,B,M1,14,0.0,98.0,20.0232,98.0
L17,L17-B,B,M1,15,-37.5,90.54,19.9855,97.99868162378513
L17,L17-B,B,M1,16,-69.3,69.3,20.0039,98.00499987245549
L17,L17-B,B,M1,17,-90.54,37.5,19.9994,97.99868162378513
L17,L17-B,B,M1,18,-98.0,0.0,20.005,98.0
L17,L17-B,B,M1,19,-90.54,-37.5,19.9854,97.99868162378513
L17,L17-B,B,M1,20,-69.3,-69.3,19.9976,98.00499987245549
L17,L17-B,B,M1,21,-37.5,-90.54,19.9674,97.99868162378513
L17,L17-B,B,M1,22,-0.0,-98.0,20.0021,98.0
L17,L17-B,B,M1,23,37.5,-90.54,20.0084,97.99868162378513
L17,L17-B,B,M1,24,69.3,-69.3,19.9948,98.00499987245549
L17,L17-B,B,M1,25,90.54,-37.5,19.9671,97.99868162378513
L17,L17-B,B,M1,26,147.0,0.0,20.0784,147.0
L17,L17-B,B,M1,27,141.99,38.05,20.0659,146.99987278906062
L17,L17-B,B,M1,28,127.31,73.5,20.0441,147.00369417126905
L17,L17-B,B,M1,29,103.94,103.94,20.053,146.9933576730595
L17,L17-B,B,M1,30,73.5,127.31,20.0286,147.00369417126905
L17,L17-B,B,M1,31,38.05,141.99,20.0381,146.99987278906062
L17,L17-B,B,M1,32,0.0,147.0,20.0478,147.0
L17,L17-B,B,M1,33,-38.05,141.99,20.0832,146.99987278906062
L17,L17-B,B,M1,34,-73.5,127.31,20.0458,147.00369417126905
L17,L17-B,B,M1,35,-103.94,103.94,20.0714,146.9933576730595
L17,L17-B,B,M1,36,-127.31,73.5,20.0478,147.00369417126905
L17,L17-B,B,M1,37,-141.99,38.05,20.0636,146.99987278906062
L17,L17-B,B,M1,38,-147.0,0.0,20.0558,147.0
L17,L17-B,B,M1,39,-141.99,-38.05,20.0761,146.99987278906062
L17,L17-B,B,M1,40,-127.31,-73.5,20.0479,147.00369417126905
L17,L17-B,B,M1,41,-103.94,-103.94,20.0271,146.9933576730595
L17,L17-B,B,M1,42,-73.5,-127.31,20.031,147.00369417126905
L17,L17-B,B,M1,43,-38.05,-141.99,20.048,146.99987278906062
L17,L17-B,B,M1,44,-0.0,-147.0,20.0336,147.0
L17,L17-B,B,M1,45,38.05,-141.99,20.0668,146.99987278906062
L17,L17-B,B,M1,46,73.5,-127.31,20.0493,147.00369417126905
L17,L17-B,B,M1,47,103.94,-103.94,20.1061,146.9933576730595
L17,L17-B,B,M1,48,127.31,-73.5,20.0238,147.00369417126905
L17,L17-B,B,M1,49,141.99,-38.05,20.0627,146.99987278906062
L18,L18-A,A,M1,1,0.0,0.0,19.9563,0.0
L18,L18-A,A,M1,2,49.0,0.0,19.9699,49.0
L18,L18-A,A,M1,3,34.65,34.65,19.9206,49.00249993622774
L18,L18-A,A,M1,4,0.0,49.0,19.9718,49.0
L18,L18-A,A,M1,5,-34.65,34.65,20.0051,49.00249993622774
L18,L18-A,A,M1,6,-49.0,0.0,19.958,49.0
L18,L18-A,A,M1,7,-34.65,-34.65,19.9723,49.00249993622774
L18,L18-A,A,M1,8,-0.0,-49.0,19.9876,49.0
L18,L18-A,A,M1,9,34.65,-34.65,19.9638,49.00249993622774
L18,L18-A,A,M1,10,98.0,0.0,19.9691,98.0
L18,L18-A,A,M1,11,90.54,37.5,19.9352,97.99868162378513
L18,L18-A,A,M1,12,69.3,69.3,19.9936,98.00499987245549
L18,L18-A,A,M1,13,37.5,90.54,19.9785,97.99868162378513
L18,L18-A,A,M1,14,0.0,98.0,19.9605,98.0
L18,L18-A,A,M1,15,-37.5,90.54,19.9833,97.99868162378513
L18,L18-A,A,M1,16,-69.3,69.3,19.9691,98.00499987245549
L18,L18-A,A,M1,17,-90.54,37.5,19.9702,97.99868162378513
L18,L18-A,A,M1,18,-98.0,0.0,19.9929,98.0
L18,L18-A,A,M1,19,-90.54,-37.5,19.954,97.99868162378513
L18,L18-A,A,M1,20,-69.3,-69.3,20.0017,98.00499987245549
L18,L18-A,A,M1,21,-37.5,-90.54,19.9528,97.99868162378513
L18,L18-A,A,M1,22,-0.0,-98.0,19.9675,98.0
L18,L18-A,A,M1,23,37.5,-90.54,20.0192,97.99868162378513
L18,L18-A,A,M1,24,69.3,-69.3,20.0033,98.00499987245549
L18,L18-A,A,M1,25,90.54,-37.5,19.9827,97.99868162378513
L18,L18-A,A,M1,26,147.0,0.0,20.0211,147.0
L18,L18-A,A,M1,27,141.99,38.05,20.0294,146.99987278906062
L18,L18-A,A,M1,28,127.31,73.5,20.0414,147.00369417126905
L18,L18-A,A,M1,29,103.94,103.94,20.0407,146.9933576730595
L18,L18-A,A,M1,30,73.5,127.31,20.0381,147.00369417126905
L18,L18-A,A,M1,31,38.05,141.99,20.0393,146.99987278906062
L18,L18-A,A,M1,32,0.0,147.0,20.0357,147.0
L18,L18-A,A,M1,33,-38.05,141.99,20.0111,146.99987278906062
L18,L18-A,A,M1,34,-73.5,127.31,20.0296,147.00369417126905
L18,L18-A,A,M1,35,-103.94,103.94,20.0582,146.9933576730595
L18,L18-A,A,M1,36,-127.31,73.5,20.0126,147.00369417126905
L18,L18-A,A,M1,37,-141.99,38.05,20.0362,146.99987278906062
L18,L18-A,A,M1,38,-147.0,0.0,20.0236,147.0
L18,L18-A,A,M1,39,-141.99,-38.05,20.0422,146.99987278906062
L18,L18-A,A,M1,40,-127.31,-73.5,20.0322,147.00369417126905
L18,L18-A,A,M1,41,-103.94,-103.94,20.0695,146.9933576730595
L18,L18-A,A,M1,42,-73.5,-127.31,20.0501,147.00369417126905
L18,L18-A,A,M1,43,-38.05,-141.99,20.0137,146.99987278906062
L18,L18-A,A,M1,44,-0.0,-147.0,20.0534,147.0
L18,L18-A,A,M1,45,38.05,-141.99,20.0245,146.99987278906062
L18,L18-A,A,M1,46,73.5,-127.31,20.0284,147.00369417126905
L18,L18-A,A,M1,47,103.94,-103.94,20.0462,146.9933576730595
L18,L18-A,A,M1,48,127.31,-73.5,20.0301,147.00369417126905
L18,L18-A,A,M1,49,141.99,-38.05,20.0578,146.99987278906062
L18,L18-B,B,M1,1,0.0,0.0,19.9644,0.0
L18,L18-B,B,M1,2,49.0,0.0,19.9645,49.0
L18,L18-B,B,M1,3,34.65,34.65,19.9664,49.00249993622774
L18,L18-B,B,M1,4,0.0,49.0,19.9997,49.0
L18,L18-B,B,M1,5,-34.65,34.65,19.9903,49.00249993622774
L18,L18-B,B,M1,6,-49.0,0.0,20.0119,49.0
L18,L18-B,B,M1,7,-34.65,-34.65,20.023,49.00249993622774
L18,L18-B,B,M1,8,-0.0,-49.0,19.9571,49.0
L18,L18-B,B,M1,9,34.65,-34.65,19.9791,49.00249993622774
L18,L18-B,B,M1,10,98.0,0.0,19.9678,98.0
L18,L18-B,B,M1,11,90.54,37.5,19.9758,97.99868162378513
L18,L18-B,B,M1,12,69.3,69.3,19.9787,98.00499987245549
L18,L18-B,B,M1,13,37.5,90.54,19.9702,97.99868162378513
L18,L18-B,B,M1,14,0.0,98.0,19.9703,98.0
L18,L18-B,B,M1,15,-37.5,90.54,19.9885,97.99868162378513
L18,L18-B,B,M1,16,-69.3,69.3,19.967,98.00499987245549
L18,L18-B,B,M1,17,-90.54,37.5,20.0082,97.99868162378513
L18,L18-B,B,M1,18,-98.0,0.0,19.973,98.0
L18,L18-B,B,M1,19,-90.54,-37.5,20.0475,97.99868162378513
L18,L18-B,B,M1,20,-69.3,-69.3,19.9823,98.00499987245549
L18,L18-B,B,M1,21,-37.5,-90.54,19.9928,97.99868162378513
L18,L18-B,B,M1,22,-0.0,-98.0,19.9654,98.0
L18,L18-B,B,M1,23,37.5,-90.54,20.0255,97.99868162378513
L18,L18-B,B,M1,24,69.3,-69.3,20.0137,98.00499987245549
L18,L18-B,B,M1,25,90.54,-37.5,19.9973,97.99868162378513
L18,L18-B,B,M1,26,147.0,0.0,20.0236,147.0
L18,L18-B,B,M1,27,141.99,38.05,20.0548,146.99987278906062
L18,L18-B,B,M1,28,127.31,73.5,20.0281,147.00369417126905
L18,L18-B,B,M1,29,103.94,103.94,20.0798,146.9933576730595
L18,L18-B,B,M1,30,73.5,127.31,20.0667,147.00369417126905
L18,L18-B,B,M1,31,38.05,141.99,20.0525,146.99987278906062
L18,L18-B,B,M1,32,0.0,147.0,20.0018,147.0
L18,L18-B,B,M1,33,-38.05,141.99,20.0309,146.99987278906062
L18,L18-B,B,M1,34,-73.5,127.31,20.0643,147.00369417126905
L18,L18-B,B,M1,35,-103.94,103.94,20.0748,146.9933576730595
L18,L18-B,B,M1,36,-127.31,73.5,20.0727,147.00369417126905
L18,L18-B,B,M1,37,-141.99,38.05,20.0187,146.99987278906062
L18,L18-B,B,M1,38,-147.0,0.0,20.0566,147.0
L18,L18-B,B,M1,39,-141.99,-38.05,20.0709,146.99987278906062
L18,L18-B,B,M1,40,-127.31,-73.5,20.0174,147.00369417126905
L18,L18-B,B,M1,41,-103.94,-103.94,20.0504,146.9933576730595
L18,L18-B,B,M1,42,-73.5,-127.31,20.056,147.00369417126905
L18,L18-B,B,M1,43,-38.05,-141.99,20.0445,146.99987278906062
L18,L18-B,B,M1,44,-0.0,-147.0,20.0135,147.0
L18,L18-B,B,M1,45,38.05,-141.99,20.044,146.99987278906062
L18,L18-B,B,M1,46,73.5,-127.31,20.044,147.00369417126905
L18,L18-B,B,M1,47,103.94,-103.94,20.0476,146.9933576730595
L18,L18-B,B,M1,48,127.31,-73.5,20.0393,147.00369417126905
L18,L18-B,B,M1,49,141.99,-38.05,20.0417,146.99987278906062
L19,L19-A,A,M1,1,0.0,0.0,20.0077,0.0
L19,L19-A,A,M1,2,49.0,0.0,19.9936,49.0
L19,L19-A,A,M1,3,34.65,34.65,19.9915,49.00249993622774
L19,L19-A,A,M1,4,0.0,49.0,20.0016,49.0
L19,L19-A,A,M1,5,-34.65,34.65,19.9613,49.00249993622774
L19,L19-A,A,M1,6,-49.0,0.0,20.0093,49.0
L19,L19-A,A,M1,7,-34.65,-34.65,19.9997,49.00249993622774
L19,L19-A,A,M1,8,-0.0,-49.0,20.0005,49.0
L19,L19-A,A,M1,9,34.65,-34.65,20.0189,49.00249993622774
L19,L19-A,A,M1,10,98.0,0.0,19.9743,98.0
L19,L19-A,A,M1,11,90.54,37.5,19.9739,97.99868162378513
L19,L19-A,A,M1,12,69.3,69.3,20.0189,98.00499987245549
L19,L19-A,A,M1,13,37.5,90.54,20.0132,97.99868162378513
L19,L19-A,A,M1,14,0.0,98.0,20.0168,98.0
L19,L19-A,A,M1,15,-37.5,90.54,20.0041,97.99868162378513
L19,L19-A,A,M1,16,-69.3,69.3,20.0267,98.00499987245549
L19,L19-A,A,M1,17,-90.54,37.5,20.032,97.99868162378513
L19,L19-A,A,M1,18,-98.0,0.0,20.0231,98.0
L19,L19-A,A,M1,19,-90.54,-37.5,20.0082,97.99868162378513
L19,L19-A,A,M1,20,-69.3,-69.3,19.9712,98.00499987245549
L19,L19-A,A,M1,21,-37.5,-90.54,20.0288,97.99868162378513
L19,L19-A,A,M1,22,-0.0,-98.0,20.0378,98.0
L19,L19-A,A,M1,23,37.5,-90.54,20.0263,97.99868162378513
L19,L19-A,A,M1,24,69.3,-69.3,19.9958,98.00499987245549
L19,L19-A,A,M1,25,90.54,-37.5,20.0269,97.99868162378513
L19,L19-A,A,M1,26,147.0,0.0,20.0898,147.0
L19,L19-A,A,M1,27,141.99,38.05,20.1038,146.99987278906062
L19,L19-A,A,M1,28,127.31,73.5,20.0551,147.00369417126905
L19,L19-A,A,M1,29,103.94,103.94,20.0681,146.9933576730595
L19,L19-A,A,M1,30,73.5,127.31,20.0875,147.00369417126905
L19,L19-A,A,M1,31,38.05,141.99,20.0737,146.99987278906062
L19,L19-A,A,M1,32,0.0,147.0,20.0503,147.0
L19,L19-A,A,M1,33,-38.05,141.99,20.0809,146.99987278906062
L19,L19-A,A,M1,34,-73.5,127.31,20.0842,147.00369417126905
L19,L19-A,A,M1,35,-103.94,103.94,20.0744,146.9933576730595
L19,L19-A,A,M1,36,-127.31,73.5,20.077,147.00369417126905
L19,L19-A,A,M1,37,-141.99,38.05,20.0674,146.99987278906062
L19,L19-A,A,M1,38,-147.0,0.0,20.1022,147.0
L19,L19-A,A,M1,39,-141.99,-38.05,20.0546,146.99987278906062
L19,L19-A,A,M1,40,-127.31,-73.5,20.0609,147.00369417126905
L19,L19-A,A,M1,41,-103.94,-103.94,20.0728,146.9933576730595
L19,L19-A,A,M1,42,-73.5,-127.31,20.0902,147.00369417126905
L19,L19-A,A,M1,43,-38.05,-141.99,20.0427,146.99987278906062
L19,L19-A,A,M1,44,-0.0,-147.0,20.0464,147.0
L19,L19-A,A,M1,45,38.05,-141.99,20.0318,146.99987278906062
L19,L19-A,A,M1,46,73.5,-127.31,20.0733,147.00369417126905
L19,L19-A,A,M1,47,103.94,-103.94,20.0502,146.9933576730595
L19,L19-A,A,M1,48,127.31,-73.5,20.0649,147.00369417126905
L19,L19-A,A,M1,49,141.99,-38.05,20.0858,146.99987278906062
L19,L19-B,B,M1,1,0.0,0.0,19.9854,0.0
L19,L19-B,B,M1,2,49.0,0.0,19.9757,49.0
L19,L19-B,B,M1,3,34.65,34.65,19.9951,49.00249993622774
L19,L19-B,B,M1,4,0.0,49.0,19.9912,49.0
L19,L19-B,B,M1,5,-34.65,34.65,19.9678,49.00249993622774
L19,L19-B,B,M1,6,-49.0,0.0,19.9783,49.0
L19,L19-B,B,M1,7,-34.65,-34.65,20.0025,49.00249993622774
L19,L19-B,B,M1,8,-0.0,-49.0,19.9895,49.0
L19,L19-B,B,M1,9,34.65,-34.65,19.9537,49.00249993622774
L19,L19-B,B,M1,10,98.0,0.0,20.0084,98.0
L19,L19-B,B,M1,11,90.54,37.5,19.9736,97.99868162378513
L19,L19-B,B,M1,12,69.3,69.3,20.0236,98.00499987245549
L19,L19-B,B,M1,13,37.5,90.54,20.0158,97.99868162378513
L19,L19-B,B,M1,14,0.0,98.0,20.0011,98.0
L19,L19-B,B,M1,15,-37.5,90.54,19.9985,97.99868162378513
L19,L19-B,B,M1,16,-69.3,69.3,19.9911,98.00499987245549
L19,L19-B,B,M1,17,-90.54,37.5,20.0089,97.99868162378513
L19,L19-B,B,M1,18,-98.0,0.0,19.9879,98.0
L19,L19-B,B,M1,19,-90.54,-37.5,20.0,97.99868162378513
L19,L19-B,B,M1,20,-69.3,-69.3,20.0128,98.00499987245549
L19,L19-B,B,M1,21,-37.5,-90.54,19.9841,97.99868162378513
L19,L19-B,B,M1,22,-0.0,-98.0,19.983,98.0
L19,L19-B,B,M1,23,37.5,-90.54,19.9714,97.99868162378513
L19,L19-B,B,M1,24,69.3,-69.3,19.974,98.00499987245549
L19,L19-B,B,M1,25,90.54,-37.5,19.9588,97.99868162378513
L19,L19-B,B,M1,26,147.0,0.0,20.0691,147.0
L19,L19-B,B,M1,27,141.99,38.05,20.0907,146.99987278906062
L19,L19-B,B,M1,28,127.31,73.5,20.083,147.00369417126905
L19,L19-B,B,M1,29,103.94,103.94,20.022,146.9933576730595
L19,L19-B,B,M1,30,73.5,127.31,20.069,147.00369417126905
L19,L19-B,B,M1,31,38.05,141.99,20.083,146.99987278906062
L19,L19-B,B,M1,32,0.0,147.0,20.0454,147.0
L19,L19-B,B,M1,33,-38.05,141.99,20.0566,146.99987278906062
L19,L19-B,B,M1,34,-73.5,127.31,20.0144,147.00369417126905
L19,L19-B,B,M1,35,-103.94,103.94,20.0599,146.9933576730595
L19,L19-B,B,M1,36,-127.31,73.5,20.0333,147.00369417126905
L19,L19-B,B,M1,37,-141.99,38.05,20.0585,146.99987278906062
L19,L19-B,B,M1,38,-147.0,0.0,20.0233,147.0
L19,L19-B,B,M1,39,-141.99,-38.05,20.0654,146.99987278906062
L19,L19-B,B,M1,40,-127.31,-73.5,20.075,147.00369417126905
L19,L19-B,B,M1,41,-103.94,-103.94,20.0389,146.9933576730595
L19,L19-B,B,M1,42,-73.5,-127.31,20.0318,147.00369417126905
L19,L19-B,B,M1,43,-38.05,-141.99,20.0114,146.99987278906062
L19,L19-B,B,M1,44,-0.0,-147.0,20.0492,147.0
L19,L19-B,B,M1,45,38.05,-141.99,20.0429,146.99987278906062
L19,L19-B,B,M1,46,73.5,-127.31,20.0235,147.00369417126905
L19,L19-B,B,M1,47,103.94,-103.94,20.0636,146.9933576730595
L19,L19-B,B,M1,48,127.31,-73.5,20.0455,147.00369417126905
L19,L19-B,B,M1,49,141.99,-38.05,20.033,146.99987278906062
L20,L20-A,A,M1,1,0.0,0.0,20.0048,0.0
L20,L20-A,A,M1,2,49.0,0.0,19.9963,49.0
L20,L20-A,A,M1,3,34.65,34.65,19.9817,49.00249993622774
L20,L20-A,A,M1,4,0.0,49.0,19.9967,49.0
L20,L20-A,A,M1,5,-34.65,34.65,19.9611,49.00249993622774
L20,L20-A,A,M1,6,-49.0,0.0,19.9849,49.0
L20,L20-A,A,M1,7,-34.65,-34.65,19.9872,49.00249993622774
L20,L20-A,A,M1,8,-0.0,-49.0,19.9749,49.0
L20,L20-A,A,M1,9,34.65,-34.65,19.993,49.00249993622774
L20,L20-A,A,M1,10,98.0,0.0,19.9823,98.0
L20,L20-A,A,M1,11,90.54,37.5,20.0081,97.99868162378513
L20,L20-A,A,M1,12,69.3,69.3,20.009,98.00499987245549
L20,L20-A,A,M1,13,37.5,90.54,19.9396,97.99868162378513
L20,L20-A,A,M1,14,0.0,98.0,20.0217,98.0
L20,L20-A,A,M1,15,-37.5,90.54,19.937,97.99868162378513
L20,L20-A,A,M1,16,-69.3,69.3,19.9856,98.00499987245549
L20,L20-A,A,M1,17,-90.54,37.5,20.0184,97.99868162378513
L20,L20-A,A,M1,18,-98.0,0.0,19.9916,98.0
L20,L20-A,A,M1,19,-90.54,-37.5,19.9686,97.99868162378513
L20,L20-A,A,M1,20,-69.3,-69.3,19.9761,98.00499987245549
L20,L20-A,A,M1,21,-37.5,-90.54,20.0185,97.99868162378513
L20,L20-A,A,M1,22,-0.0,-98.0,19.9595,98.0
L20,L20-A,A,M1,23,37.5,-90.54,20.0205,97.99868162378513
L20,L20-A,A,M1,24,69.3,-69.3,19.9968,98.00499987245549
L20,L20-A,A,M1,25,90.54,-37.5,19.9741,97.99868162378513
L20,L20-A,A,M1,26,147.0,0.0,20.0455,147.0
L20,L20-A,A,M1,27,141.99,38.05,20.0368,146.99987278906062
L20,L20-A,A,M1,28,127.31,73.5,20.0745,147.00369417126905
L20,L20-A,A,M1,29,103.94,103.94,20.0718,146.9933576730595
L20,L20-A,A,M1,30,73.5,127.31,20.0228,147.00369417126905
L20,L20-A,A,M1,31,38.05,141.99,20.0491,146.99987278906062
L20,L20-A,A,M1,32,0.0,147.0,20.0399,147.0
L20,L20-A,A,M1,33,-38.05,141.99,20.083,146.99987278906062
L20,L20-A,A,M1,34,-73.5,127.31,20.0302,147.00369417126905
L20,L20-A,A,M1,35,-103.94,103.94,20.0892,146.9933576730595
L20,L20-A,A,M1,36,-127.31,73.5,20.0565,147.00369417126905
L20,L20-A,A,M1,37,-141.99,38.05,20.0339,146.99987278906062
L20,L20-A,A,M1,38,-147.0,0.0,20.0436,147.0
L20,L20-A,A,M1,39,-141.99,-38.05,20.0411,146.99987278906062
L20,L20-A,A,M1,40,-127.31,-73.5,20.0317,147.00369417126905
L20,L20-A,A,M1,41,-103.94,-103.94,20.059,146.9933576730595
L20,L20-A,A,M1,42,-73.5,-127.31,20.0326,147.00369417126905
L20,L20-A,A,M1,43,-38.05,-141.99,20.0135,146.99987278906062
L20,L20-A,A,M1,44,-0.0,-147.0,20.0496,147.0
L20,L20-A,A,M1,45,38.05,-141.99,20.0211,146.99987278906062
L20,L20-A,A,M1,46,73.5,-127.31,20.0421,147.00369417126905
L20,L20-A,A,M1,47,103.94,-103.94,20.039,146.9933576730595
L20,L20-A,A,M1,48,127.31,-73.5,20.0397,147.00369417126905
L20,L20-A,A,M1,49,141.99,-38.05,20.0972,146.99987278906062
L20,L20-B,B,M1,1,0.0,0.0,20.0066,0.0
L20,L20-B,B,M1,2,49.0,0.0,19.9297,49.0
L20,L20-B,B,M1,3,34.65,34.65,19.9522,49.00249993622774
L20,L20-B,B,M1,4,0.0,49.0,19.9696,49.0
L20,L20-B,B,M1,5,-34.65,34.65,19.9448,49.00249993622774
L20,L20-B,B,M1,6,-49.0,0.0,19.9834,49.0
L20,L20-B,B,M1,7,-34.65,-34.65,19.9412,49.00249993622774
L20,L20-B,B,M1,8,-0.0,-49.0,19.9595,49.0
L20,L20-B,B,M1,9,34.65,-34.65,19.9535,49.00249993622774
L20,L20-B,B,M1,10,98.0,0.0,19.8702,98.0
L20,L20-B,B,M1,11,90.54,37.5,19.8541,97.99868162378513
L20,L20-B,B,M1,12,69.3,69.3,19.8615,98.00499987245549
L20,L20-B,B,M1,13,37.5,90.54,19.8621,97.99868162378513
L20,L20-B,B,M1,14,0.0,98.0,19.8522,98.0
L20,L20-B,B,M1,15,-37.5,90.54,19.8766,97.99868162378513
L20,L20-B,B,M1,16,-69.3,69.3,19.8716,98.00499987245549
L20,L20-B,B,M1,17,-90.54,37.5,19.8651,97.99868162378513
L20,L20-B,B,M1,18,-98.0,0.0,19.8583,98.0
L20,L20-B,B,M1,19,-90.54,-37.5,19.8828,97.99868162378513
L20,L20-B,B,M1,20,-69.3,-69.3,19.8622,98.00499987245549
L20,L20-B,B,M1,21,-37.5,-90.54,19.8607,97.99868162378513
L20,L20-B,B,M1,22,-0.0,-98.0,19.869,98.0
L20,L20-B,B,M1,23,37.5,-90.54,19.9008,97.99868162378513
L20,L20-B,B,M1,24,69.3,-69.3,19.8401,98.00499987245549
L20,L20-B,B,M1,25,90.54,-37.5,19.8823,97.99868162378513
L20,L20-B,B,M1,26,147.0,0.0,19.7015,147.0
L20,L20-B,B,M1,27,141.99,38.05,19.7437,146.99987278906062
L20,L20-B,B,M1,28,127.31,73.5,19.7708,147.00369417126905
L20,L20-B,B,M1,29,103.94,103.94,19.7491,146.9933576730595
L20,L20-B,B,M1,30,73.5,127.31,19.7428,147.00369417126905
L20,L20-B,B,M1,31,38.05,141.99,19.7281,146.99987278906062
L20,L20-B,B,M1,32,0.0,147.0,19.74,147.0
L20,L20-B,B,M1,33,-38.05,141.99,19.7343,146.99987278906062
L20,L20-B,B,M1,34,-73.5,127.31,19.7236,147.00369417126905
L20,L20-B,B,M1,35,-103.94,103.94,19.7335,146.9933576730595
L20,L20-B,B,M1,36,-127.31,73.5,19.7433,147.00369417126905
L20,L20-B,B,M1,37,-141.99,38.05,19.724,146.99987278906062
L20,L20-B,B,M1,38,-147.0,0.0,19.7232,147.0
L20,L20-B,B,M1,39,-141.99,-38.05,19.7121,146.99987278906062
L20,L20-B,B,M1,40,-127.31,-73.5,19.7472,147.00369417126905
L20,L20-B,B,M1,41,-103.94,-103.94,19.7502,146.9933576730595
L20,L20-B,B,M1,42,-73.5,-127.31,19.744,147.00369417126905
L20,L20-B,B,M1,43,-38.05,-141.99,19.7586,146.99987278906062
L20,L20-B,B,M1,44,-0.0,-147.0,19.7411,147.0
L20,L20-B,B,M1,45,38.05,-141.99,19.7472,146.99987278906062
L20,L20-B,B,M1,46,73.5,-127.31,19.7454,147.00369417126905
L20,L20-B,B,M1,47,103.94,-103.94,19.7375,146.9933576730595
L20,L20-B,B,M1,48,127.31,-73.5,19.7287,147.00369417126905
L20,L20-B,B,M1,49,141.99,-38.05,19.7836,146.99987278906062
L21,L21-A,A,M1,1,0.0,0.0,19.9731,0.0
L21,L21-A,A,M1,2,49.0,0.0,19.996,49.0
L21,L21-A,A,M1,3,34.65,34.65,19.9924,49.00249993622774
L21,L21-A,A,M1,4,0.0,49.0,19.9593,49.0
L21,L21-A,A,M1,5,-34.65,34.65,20.0098,49.00249993622774
L21,L21-A,A,M1,6,-49.0,0.0,19.9855,49.0
L21,L21-A,A,M1,7,-34.65,-34.65,19.9651,49.00249993622774
L21,L21-A,A,M1,8,-0.0,-49.0,20.0111,49.0
L21,L21-A,A,M1,9,34.65,-34.65,19.9999,49.00249993622774
L21,L21-A,A,M1,10,98.0,0.0,19.9757,98.0
L21,L21-A,A,M1,11,90.54,37.5,20.0366,97.99868162378513
L21,L21-A,A,M1,12,69.3,69.3,20.0142,98.00499987245549
L21,L21-A,A,M1,13,37.5,90.54,20.0008,97.99868162378513
L21,L21-A,A,M1,14,0.0,98.0,20.0328,98.0
L21,L21-A,A,M1,15,-37.5,90.54,20.0042,97.99868162378513
L21,L21-A,A,M1,16,-69.3,69.3,20.0005,98.00499987245549
L21,L21-A,A,M1,17,-90.54,37.5,19.9878,97.99868162378513
L21,L21-A,A,M1,18,-98.0,0.0,20.0127,98.0
L21,L21-A,A,M1,19,-90.54,-37.5,20.0105,97.99868162378513
L21,L21-A,A,M1,20,-69.3,-69.3,20.0013,98.00499987245549
L21,L21-A,A,M1,21,-37.5,-90.54,19.9852,97.99868162378513
L21,L21-A,A,M1,22,-0.0,-98.0,20.0036,98.0
L21,L21-A,A,M1,23,37.5,-90.54,19.9996,97.99868162378513
L21,L21-A,A,M1,24,69.3,-69.3,19.9743,98.00499987245549
L21,L21-A,A,M1,25,90.54,-37.5,19.9716,97.99868162378513
L21,L21-A,A,M1,26,147.0,0.0,20.0715,147.0
L21,L21-A,A,M1,27,141.99,38.05,20.0082,146.99987278906062
L21,L21-A,A,M1,28,127.31,73.5,20.0643,147.00369417126905
L21,L21-A,A,M1,29,103.94,103.94,20.0507,146.9933576730595
L21,L21-A,A,M1,30,73.5,127.31,20.0864,147.00369417126905
L21,L21-A,A,M1,31,38.05,141.99,20.0504,146.99987278906062
L21,L21-A,A,M1,32,0.0,147.0,20.0734,147.0
L21,L21-A,A,M1,33,-38.05,141.99,20.0523,146.99987278906062
L21,L21-A,A,M1,34,-73.5,127.31,20.0625,147.00369417126905
L21,L21-A,A,M1,35,-103.94,103.94,20.075,146.9933576730595
L21,L21-A,A,M1,36,-127.31,73.5,20.051,147.00369417126905
L21,L21-A,A,M1,37,-141.99,38.05,20.0802,146.99987278906062
L21,L21-A,A,M1,38,-147.0,0.0,20.0404,147.0
L21,L21-A,A,M1,39,-141.99,-38.05,20.0661,146.99987278906062
L21,L21-A,A,M1,40,-127.31,-73.5,20.0787,147.00369417126905
L21,L21-A,A,M1,41,-103.94,-103.94,20.0734,146.9933576730595
L21,L21-A,A,M1,42,-73.5,-127.31,20.0986,147.00369417126905
L21,L21-A,A,M1,43,-38.05,-141.99,20.045,146.99987278906062
L21,L21-A,A,M1,44,-0.0,-147.0,20.0326,147.0
L21,L21-A,A,M1,45,38.05,-141.99,20.0403,146.99987278906062
L21,L21-A,A,M1,46,73.5,-127.31,20.0734,147.00369417126905
L21,L21-A,A,M1,47,103.94,-103.94,20.0702,146.9933576730595
L21,L21-A,A,M1,48,127.31,-73.5,20.0623,147.00369417126905
L21,L21-A,A,M1,49,141.99,-38.05,20.0378,146.99987278906062
L21,L21-B,B,M1,1,0.0,0.0,19.9985,0.0
L21,L21-B,B,M1,2,49.0,0.0,20.0097,49.0
L21,L21-B,B,M1,3,34.65,34.65,20.0437,49.00249993622774
L21,L21-B,B,M1,4,0.0,49.0,19.9939,49.0
L21,L21-B,B,M1,5,-34.65,34.65,19.9982,49.00249993622774
L21,L21-B,B,M1,6,-49.0,0.0,19.9767,49.0
L21,L21-B,B,M1,7,-34.65,-34.65,19.9504,49.00249993622774
L21,L21-B,B,M1,8,-0.0,-49.0,19.9745,49.0
L21,L21-B,B,M1,9,34.65,-34.65,19.9647,49.00249993622774
L21,L21-B,B,M1,10,98.0,0.0,19.8592,98.0
L21,L21-B,B,M1,11,90.54,37.5,19.9226,97.99868162378513
L21,L21-B,B,M1,12,69.3,69.3,19.8936,98.00499987245549
L21,L21-B,B,M1,13,37.5,90.54,19.8958,97.99868162378513
L21,L21-B,B,M1,14,0.0,98.0,19.882,98.0
L21,L21-B,B,M1,15,-37.5,90.54,19.8847,97.99868162378513
L21,L21-B,B,M1,16,-69.3,69.3,19.9075,98.00499987245549
L21,L21-B,B,M1,17,-90.54,37.5,19.8875,97.99868162378513
L21,L21-B,B,M1,18,-98.0,0.0,19.8988,98.0
L21,L21-B,B,M1,19,-90.54,-37.5,19.8843,97.99868162378513
L21,L21-B,B,M1,20,-69.3,-69.3,19.8813,98.00499987245549
L21,L21-B,B,M1,21,-37.5,-90.54,19.86,97.99868162378513
L21,L21-B,B,M1,22,-0.0,-98.0,19.8486,98.0
L21,L21-B,B,M1,23,37.5,-90.54,19.883,97.99868162378513
L21,L21-B,B,M1,24,69.3,-69.3,19.8893,98.00499987245549
L21,L21-B,B,M1,25,90.54,-37.5,19.8625,97.99868162378513
L21,L21-B,B,M1,26,147.0,0.0,19.76,147.0
L21,L21-B,B,M1,27,141.99,38.05,19.7617,146.99987278906062
L21,L21-B,B,M1,28,127.31,73.5,19.7175,147.00369417126905
L21,L21-B,B,M1,29,103.94,103.94,19.7424,146.9933576730595
L21,L21-B,B,M1,30,73.5,127.31,19.7688,147.00369417126905
L21,L21-B,B,M1,31,38.05,141.99,19.7684,146.99987278906062
L21,L21-B,B,M1,32,0.0,147.0,19.7376,147.0
L21,L21-B,B,M1,33,-38.05,141.99,19.7638,146.99987278906062
L21,L21-B,B,M1,34,-73.5,127.31,19.7811,147.00369417126905
L21,L21-B,B,M1,35,-103.94,103.94,19.7762,146.9933576730595
L21,L21-B,B,M1,36,-127.31,73.5,19.7587,147.00369417126905
L21,L21-B,B,M1,37,-141.99,38.05,19.7513,146.99987278906062
L21,L21-B,B,M1,38,-147.0,0.0,19.7481,147.0
L21,L21-B,B,M1,39,-141.99,-38.05,19.77,146.99987278906062
L21,L21-B,B,M1,40,-127.31,-73.5,19.7646,147.00369417126905
L21,L21-B,B,M1,41,-103.94,-103.94,19.7732,146.9933576730595
L21,L21-B,B,M1,42,-73.5,-127.31,19.7633,147.00369417126905
L21,L21-B,B,M1,43,-38.05,-141.99,19.777,146.99987278906062
L21,L21-B,B,M1,44,-0.0,-147.0,19.7625,147.0
L21,L21-B,B,M1,45,38.05,-141.99,19.7763,146.99987278906062
L21,L21-B,B,M1,46,73.5,-127.31,19.7781,147.00369417126905
L21,L21-B,B,M1,47,103.94,-103.94,19.7446,146.9933576730595
L21,L21-B,B,M1,48,127.31,-73.5,19.7245,147.00369417126905
L21,L21-B,B,M1,49,141.99,-38.05,19.7915,146.99987278906062
L22,L22-A,A,M1,1,0.0,0.0,19.9734,0.0
L22,L22-A,A,M1,2,49.0,0.0,19.9943,49.0
L22,L22-A,A,M1,3,34.65,34.65,20.024,49.00249993622774
L22,L22-A,A,M1,4,0.0,49.0,20.003,49.0
L22,L22-A,A,M1,5,-34.65,34.65,19.9984,49.00249993622774
L22,L22-A,A,M1,6,-49.0,0.0,20.0366,49.0
L22,L22-A,A,M1,7,-34.65,-34.65,19.9877,49.00249993622774
L22,L22-A,A,M1,8,-0.0,-49.0,19.9926,49.0
L22,L22-A,A,M1,9,34.65,-34.65,20.0128,49.00249993622774
L22,L22-A,A,M1,10,98.0,0.0,20.0301,98.0
L22,L22-A,A,M1,11,90.54,37.5,20.0322,97.99868162378513
L22,L22-A,A,M1,12,69.3,69.3,20.0405,98.00499987245549
L22,L22-A,A,M1,13,37.5,90.54,20.0262,97.99868162378513
L22,L22-A,A,M1,14,0.0,98.0,20.0321,98.0
L22,L22-A,A,M1,15,-37.5,90.54,20.0171,97.99868162378513
L22,L22-A,A,M1,16,-69.3,69.3,20.0235,98.00499987245549
L22,L22-A,A,M1,17,-90.54,37.5,20.0244,97.99868162378513
L22,L22-A,A,M1,18,-98.0,0.0,20.0266,98.0
L22,L22-A,A,M1,19,-90.54,-37.5,20.0377,97.99868162378513
L22,L22-A,A,M1,20,-69.3,-69.3,20.0334,98.00499987245549
L22,L22-A,A,M1,21,-37.5,-90.54,20.0232,97.99868162378513
L22,L22-A,A,M1,22,-0.0,-98.0,20.0061,98.0
L22,L22-A,A,M1,23,37.5,-90.54,20.0236,97.99868162378513
L22,L22-A,A,M1,24,69.3,-69.3,20.0217,98.00499987245549
L22,L22-A,A,M1,25,90.54,-37.5,20.0261,97.99868162378513
L22,L22-A,A,M1,26,147.0,0.0,20.1256,147.0
L22,L22-A,A,M1,27,141.99,38.05,20.071,146.99987278906062
L22,L22-A,A,M1,28,127.31,73.5,20.0899,147.00369417126905
L22,L22-A,A,M1,29,103.94,103.94,20.1029,146.9933576730595
L22,L22-A,A,M1,30,73.5,127.31,20.0834,147.00369417126905
L22,L22-A,A,M1,31,38.05,141.99,20.1282,146.99987278906062
L22,L22-A,A,M1,32,0.0,147.0,20.0739,147.0
L22,L22-A,A,M1,33,-38.05,141.99,20.088,146.99987278906062
L22,L22-A,A,M1,34,-73.5,127.31,20.0655,147.00369417126905
L22,L22-A,A,M1,35,-103.94,103.94,20.0745,146.9933576730595
L22,L22-A,A,M1,36,-127.31,73.5,20.0865,147.00369417126905
L22,L22-A,A,M1,37,-141.99,38.05,20.0984,146.99987278906062
L22,L22-A,A,M1,38,-147.0,0.0,20.0879,147.0
L22,L22-A,A,M1,39,-141.99,-38.05,20.1067,146.99987278906062
L22,L22-A,A,M1,40,-127.31,-73.5,20.0796,147.00369417126905
L22,L22-A,A,M1,41,-103.94,-103.94,20.0748,146.9933576730595
L22,L22-A,A,M1,42,-73.5,-127.31,20.1356,147.00369417126905
L22,L22-A,A,M1,43,-38.05,-141.99,20.0894,146.99987278906062
L22,L22-A,A,M1,44,-0.0,-147.0,20.0671,147.0
L22,L22-A,A,M1,45,38.05,-141.99,20.0676,146.99987278906062
L22,L22-A,A,M1,46,73.5,-127.31,20.0626,147.00369417126905
L22,L22-A,A,M1,47,103.94,-103.94,20.1002,146.9933576730595
L22,L22-A,A,M1,48,127.31,-73.5,20.0742,147.00369417126905
L22,L22-A,A,M1,49,141.99,-38.05,20.084,146.99987278906062
L22,L22-B,B,M1,1,0.0,0.0,20.0127,0.0
L22,L22-B,B,M1,2,49.0,0.0,19.9447,49.0
L22,L22-B,B,M1,3,34.65,34.65,19.9401,49.00249993622774
L22,L22-B,B,M1,4,0.0,49.0,19.9661,49.0
L22,L22-B,B,M1,5,-34.65,34.65,19.9737,49.00249993622774
L22,L22-B,B,M1,6,-49.0,0.0,19.9683,49.0
L22,L22-B,B,M1,7,-34.65,-34.65,19.9455,49.00249993622774
L22,L22-B,B,M1,8,-0.0,-49.0,19.9752,49.0
L22,L22-B,B,M1,9,34.65,-34.65,19.9468,49.00249993622774
L22,L22-B,B,M1,10,98.0,0.0,19.8528,98.0
L22,L22-B,B,M1,11,90.54,37.5,19.8444,97.99868162378513
L22,L22-B,B,M1,12,69.3,69.3,19.8893,98.00499987245549
L22,L22-B,B,M1,13,37.5,90.54,19.8759,97.99868162378513
L22,L22-B,B,M1,14,0.0,98.0,19.8754,98.0
L22,L22-B,B,M1,15,-37.5,90.54,19.8882,97.99868162378513
L22,L22-B,B,M1,16,-69.3,69.3,19.9195,98.00499987245549
L22,L22-B,B,M1,17,-90.54,37.5,19.8291,97.99868162378513
L22,L22-B,B,M1,18,-98.0,0.0,19.8485,98.0
L22,L22-B,B,M1,19,-90.54,-37.5,19.851,97.99868162378513
L22,L22-B,B,M1,20,-69.3,-69.3,19.8463,98.00499987245549
L22,L22-B,B,M1,21,-37.5,-90.54,19.8417,97.99868162378513
L22,L22-B,B,M1,22,-0.0,-98.0,19.8573,98.0
L22,L22-B,B,M1,23,37.5,-90.54,19.8389,97.99868162378513
L22,L22-B,B,M1,24,69.3,-69.3,19.87,98.00499987245549
L22,L22-B,B,M1,25,90.54,-37.5,19.8643,97.99868162378513
L22,L22-B,B,M1,26,147.0,0.0,19.7454,147.0
L22,L22-B,B,M1,27,141.99,38.05,19.7459,146.99987278906062
L22,L22-B,B,M1,28,127.31,73.5,19.7478,147.00369417126905
L22,L22-B,B,M1,29,103.94,103.94,19.7283,146.9933576730595
L22,L22-B,B,M1,30,73.5,127.31,19.7782,147.00369417126905
L22,L22-B,B,M1,31,38.05,141.99,19.7404,146.99987278906062
L22,L22-B,B,M1,32,0.0,147.0,19.6985,147.0
L22,L22-B,B,M1,33,-38.05,141.99,19.7157,146.99987278906062
L22,L22-B,B,M1,34,-73.5,127.31,19.7009,147.00369417126905
L22,L22-B,B,M1,35,-103.94,103.94,19.7361,146.9933576730595
L22,L22-B,B,M1,36,-127.31,73.5,19.7333,147.00369417126905
L22,L22-B,B,M1,37,-141.99,38.05,19.7264,146.99987278906062
L22,L22-B,B,M1,38,-147.0,0.0,19.776,147.0
L22,L22-B,B,M1,39,-141.99,-38.05,19.7467,146.99987278906062
L22,L22-B,B,M1,40,-127.31,-73.5,19.7503,147.00369417126905
L22,L22-B,B,M1,41,-103.94,-103.94,19.7171,146.9933576730595
L22,L22-B,B,M1,42,-73.5,-127.31,19.7158,147.00369417126905
L22,L22-B,B,M1,43,-38.05,-141.99,19.7365,146.99987278906062
L22,L22-B,B,M1,44,-0.0,-147.0,19.7392,147.0
L22,L22-B,B,M1,45,38.05,-141.99,19.6986,146.99987278906062
L22,L22-B,B,M1,46,73.5,-127.31,19.7321,147.00369417126905
L22,L22-B,B,M1,47,103.94,-103.94,19.736,146.9933576730595
L22,L22-B,B,M1,48,127.31,-73.5,19.7314,147.00369417126905
L22,L22-B,B,M1,49,141.99,-38.05,19.7195,146.99987278906062
L23,L23-A,A,M1,1,0.0,0.0,19.9803,0.0
L23,L23-A,A,M1,2,49.0,0.0,19.9865,49.0
L23,L23-A,A,M1,3,34.65,34.65,19.9968,49.00249993622774
L23,L23-A,A,M1,4,0.0,49.0,20.0063,49.0
L23,L23-A,A,M1,5,-34.65,34.65,19.9788,49.00249993622774
L23,L23-A,A,M1,6,-49.0,0.0,19.9756,49.0
L23,L23-A,A,M1,7,-34.65,-34.65,19.9935,49.00249993622774
L23,L23-A,A,M1,8,-0.0,-49.0,19.9969,49.0
L23,L23-A,A,M1,9,34.65,-34.65,19.976,49.00249993622774
L23,L23-A,A,M1,10,98.0,0.0,20.0142,98.0
L23,L23-A,A,M1,11,90.54,37.5,20.018,97.99868162378513
L23,L23-A,A,M1,12,69.3,69.3,20.0242,98.00499987245549
L23,L23-A,A,M1,13,37.5,90.54,20.034,97.99868162378513
L23,L23-A,A,M1,14,0.0,98.0,19.9811,98.0
L23,L23-A,A,M1,15,-37.5,90.54,19.9987,97.99868162378513
L23,L23-A,A,M1,16,-69.3,69.3,19.9986,98.00499987245549
L23,L23-A,A,M1,17,-90.54,37.5,19.9964,97.99868162378513
L23,L23-A,A,M1,18,-98.0,0.0,19.9854,98.0
L23,L23-A,A,M1,19,-90.54,-37.5,19.9687,97.99868162378513
L23,L23-A,A,M1,20,-69.3,-69.3,20.0002,98.00499987245549
L23,L23-A,A,M1,21,-37.5,-90.54,19.983,97.99868162378513
L23,L23-A,A,M1,22,-0.0,-98.0,20.0001,98.0
L23,L23-A,A,M1,23,37.5,-90.54,19.9825,97.99868162378513
L23,L23-A,A,M1,24,69.3,-69.3,19.9764,98.00499987245549
L23,L23-A,A,M1,25,90.54,-37.5,20.0031,97.99868162378513
L23,L23-A,A,M1,26,147.0,0.0,20.0606,147.0
L23,L23-A,A,M1,27,141.99,38.05,20.0692,146.99987278906062
L23,L23-A,A,M1,28,127.31,73.5,20.1013,147.00369417126905
L23,L23-A,A,M1,29,103.94,103.94,20.0631,146.9933576730595
L23,L23-A,A,M1,30,73.5,127.31,20.0673,147.00369417126905
L23,L23-A,A,M1,31,38.05,141.99,20.0361,146.99987278906062
L23,L23-A,A,M1,32,0.0,147.0,20.0319,147.0
L23,L23-A,A,M1,33,-38.05,141.99,20.0893,146.99987278906062
L23,L23-A,A,M1,34,-73.5,127.31,20.0391,147.00369417126905
L23,L23-A,A,M1,35,-103.94,103.94,20.0367,146.9933576730595
L23,L23-A,A,M1,36,-127.31,73.5,20.0568,147.00369417126905
L23,L23-A,A,M1,37,-141.99,38.05,20.0558,146.99987278906062
L23,L23-A,A,M1,38,-147.0,0.0,20.0396,147.0
L23,L23-A,A,M1,39,-141.99,-38.05,20.0515,146.99987278906062
L23,L23-A,A,M1,40,-127.31,-73.5,20.0822,147.00369417126905
L23,L23-A,A,M1,41,-103.94,-103.94,20.0415,146.9933576730595
L23,L23-A,A,M1,42,-73.5,-127.31,20.0297,147.00369417126905
L23,L23-A,A,M1,43,-38.05,-141.99,20.0765,146.99987278906062
L23,L23-A,A,M1,44,-0.0,-147.0,20.0674,147.0
L23,L23-A,A,M1,45,38.05,-141.99,20.0452,146.99987278906062
L23,L23-A,A,M1,46,73.5,-127.31,20.026,147.00369417126905
L23,L23-A,A,M1,47,103.94,-103.94,20.0427,146.9933576730595
L23,L23-A,A,M1,48,127.31,-73.5,20.0565,147.00369417126905
L23,L23-A,A,M1,49,141.99,-38.05,20.0809,146.99987278906062
L23,L23-B,B,M1,1,0.0,0.0,19.9672,0.0
L23,L23-B,B,M1,2,49.0,0.0,19.946,49.0
L23,L23-B,B,M1,3,34.65,34.65,19.8848,49.00249993622774
L23,L23-B,B,M1,4,0.0,49.0,19.9531,49.0
L23,L23-B,B,M1,5,-34.65,34.65,19.9088,49.00249993622774
L23,L23-B,B,M1,6,-49.0,0.0,19.9391,49.0
L23,L23-B,B,M1,7,-34.65,-34.65,19.9374,49.00249993622774
L23,L23-B,B,M1,8,-0.0,-49.0,19.9542,49.0
L23,L23-B,B,M1,9,34.65,-34.65,19.9435,49.00249993622774
L23,L23-B,B,M1,10,98.0,0.0,19.7865,98.0
L23,L23-B,B,M1,11,90.54,37.5,19.8184,97.99868162378513
L23,L23-B,B,M1,12,69.3,69.3,19.8368,98.00499987245549
L23,L23-B,B,M1,13,37.5,90.54,19.8302,97.99868162378513
L23,L23-B,B,M1,14,0.0,98.0,19.8436,98.0
L23,L23-B,B,M1,15,-37.5,90.54,19.8499,97.99868162378513
L23,L23-B,B,M1,16,-69.3,69.3,19.8463,98.00499987245549
L23,L23-B,B,M1,17,-90.54,37.5,19.8298,97.99868162378513
L23,L23-B,B,M1,18,-98.0,0.0,19.7972,98.0
L23,L23-B,B,M1,19,-90.54,-37.5,19.825,97.99868162378513
L23,L23-B,B,M1,20,-69.3,-69.3,19.8424,98.00499987245549
L23,L23-B,B,M1,21,-37.5,-90.54,19.8123,97.99868162378513
L23,L23-B,B,M1,22,-0.0,-98.0,19.8467,98.0
L23,L23-B,B,M1,23,37.5,-90.54,19.8523,97.99868162378513
L23,L23-B,B,M1,24,69.3,-69.3,19.8366,98.00499987245549
L23,L23-B,B,M1,25,90.54,-37.5,19.7728,97.99868162378513
L23,L23-B,B,M1,26,147.0,0.0,19.681,147.0
L23,L23-B,B,M1,27,141.99,38.05,19.7443,146.99987278906062
L23,L23-B,B,M1,28,127.31,73.5,19.6956,147.00369417126905
L23,L23-B,B,M1,29,103.94,103.94,19.6669,146.9933576730595
L23,L23-B,B,M1,30,73.5,127.31,19.7313,147.00369417126905
L23,L23-B,B,M1,31,38.05,141.99,19.7068,146.99987278906062
L23,L23-B,B,M1,32,0.0,147.0,19.7287,147.0
L23,L23-B,B,M1,33,-38.05,141.99,19.7121,146.99987278906062
L23,L23-B,B,M1,34,-73.5,127.31,19.7157,147.00369417126905
L23,L23-B,B,M1,35,-103.94,103.94,19.7138,146.9933576730595
L23,L23-B,B,M1,36,-127.31,73.5,19.7205,147.00369417126905
L23,L23-B,B,M1,37,-141.99,38.05,19.7521,146.99987278906062
L23,L23-B,B,M1,38,-147.0,0.0,19.726,147.0
L23,L23-B,B,M1,39,-141.99,-38.05,19.6749,146.99987278906062
L23,L23-B,B,M1,40,-127.31,-73.5,19.7155,147.00369417126905
L23,L23-B,B,M1,41,-103.94,-103.94,19.7294,146.9933576730595
L23,L23-B,B,M1,42,-73.5,-127.31,19.7306,147.00369417126905
L23,L23-B,B,M1,43,-38.05,-141.99,19.698,146.99987278906062
L23,L23-B,B,M1,44,-0.0,-147.0,19.7299,147.0
L23,L23-B,B,M1,45,38.05,-141.99,19.7251,146.99987278906062
L23,L23-B,B,M1,46,73.5,-127.31,19.758,147.00369417126905
L23,L23-B,B,M1,47,103.94,-103.94,19.6916,146.9933576730595
L23,L23-B,B,M1,48,127.31,-73.5,19.6964,147.00369417126905
L23,L23-B,B,M1,49,141.99,-38.05,19.7004,146.99987278906062
L24,L24-A,A,M1,1,0.0,0.0,19.9675,0.0
L24,L24-A,A,M1,2,49.0,0.0,19.931,49.0
L24,L24-A,A,M1,3,34.65,34.65,19.9775,49.00249993622774
L24,L24-A,A,M1,4,0.0,49.0,19.9936,49.0
L24,L24-A,A,M1,5,-34.65,34.65,19.9763,49.00249993622774
L24,L24-A,A,M1,6,-49.0,0.0,20.0249,49.0
L24,L24-A,A,M1,7,-34.65,-34.65,19.9865,49.00249993622774
L24,L24-A,A,M1,8,-0.0,-49.0,20.012,49.0
L24,L24-A,A,M1,9,34.65,-34.65,19.9914,49.00249993622774
L24,L24-A,A,M1,10,98.0,0.0,20.0164,98.0
L24,L24-A,A,M1,11,90.54,37.5,20.0055,97.99868162378513
L24,L24-A,A,M1,12,69.3,69.3,20.0272,98.00499987245549
L24,L24-A,A,M1,13,37.5,90.54,20.001,97.99868162378513
L24,L24-A,A,M1,14,0.0,98.0,20.0098,98.0
L24,L24-A,A,M1,15,-37.5,90.54,20.0072,97.99868162378513
L24,L24-A,A,M1,16,-69.3,69.3,19.9941,98.00499987245549
L24,L24-A,A,M1,17,-90.54,37.5,20.008,97.99868162378513
L24,L24-A,A,M1,18,-98.0,0.0,20.0446,98.0
L24,L24-A,A,M1,19,-90.54,-37.5,19.9945,97.99868162378513
L24,L24-A,A,M1,20,-69.3,-69.3,20.0083,98.00499987245549
L24,L24-A,A,M1,21,-37.5,-90.54,20.025,97.99868162378513
L24,L24-A,A,M1,22,-0.0,-98.0,20.0227,98.0
L24,L24-A,A,M1,23,37.5,-90.54,20.0001,97.99868162378513
L24,L24-A,A,M1,24,69.3,-69.3,19.9522,98.00499987245549
L24,L24-A,A,M1,25,90.54,-37.5,20.0102,97.99868162378513
L24,L24-A,A,M1,26,147.0,0.0,20.0147,147.0
L24,L24-A,A,M1,27,141.99,38.05,20.0885,146.99987278906062
L24,L24-A,A,M1,28,127.31,73.5,20.0625,147.00369417126905
L24,L24-A,A,M1,29,103.94,103.94,20.0791,146.9933576730595
L24,L24-A,A,M1,30,73.5,127.31,20.041,147.00369417126905
L24,L24-A,A,M1,31,38.05,141.99,20.028,146.99987278906062
L24,L24-A,A,M1,32,0.0,147.0,20.0643,147.0
L24,L24-A,A,M1,33,-38.05,141.99,20.0584,146.99987278906062
L24,L24-A,A,M1,34,-73.5,127.31,20.0493,147.00369417126905
L24,L24-A,A,M1,35,-103.94,103.94,20.0608,146.9933576730595
L24,L24-A,A,M1,36,-127.31,73.5,20.1144,147.00369417126905
L24,L24-A,A,M1,37,-141.99,38.05,20.0758,146.99987278906062
L24,L24-A,A,M1,38,-147.0,0.0,20.0801,147.0
L24,L24-A,A,M1,39,-141.99,-38.05,20.076,146.99987278906062
L24,L24-A,A,M1,40,-127.31,-73.5,20.0887,147.00369417126905
L24,L24-A,A,M1,41,-103.94,-103.94,20.0553,146.9933576730595
L24,L24-A,A,M1,42,-73.5,-127.31,20.018,147.00369417126905
L24,L24-A,A,M1,43,-38.05,-141.99,20.0553,146.99987278906062
L24,L24-A,A,M1,44,-0.0,-147.0,20.0753,147.0
L24,L24-A,A,M1,45,38.05,-141.99,20.0397,146.99987278906062
L24,L24-A,A,M1,46,73.5,-127.31,20.0556,147.00369417126905
L24,L24-A,A,M1,47,103.94,-103.94,20.0452,146.9933576730595
L24,L24-A,A,M1,48,127.31,-73.5,20.0891,147.00369417126905
L24,L24-A,A,M1,49,141.99,-38.05,20.0741,146.99987278906062
L24,L24-B,B,M1,1,0.0,0.0,20.032,0.0
L24,L24-B,B,M1,2,49.0,0.0,19.9824,49.0
L24,L24-B,B,M1,3,34.65,34.65,19.9871,49.00249993622774
L24,L24-B,B,M1,4,0.0,49.0,19.9594,49.0
L24,L24-B,B,M1,5,-34.65,34.65,19.9394,49.00249993622774
L24,L24-B,B,M1,6,-49.0,0.0,19.9861,49.0
L24,L24-B,B,M1,7,-34.65,-34.65,19.9896,49.00249993622774
L24,L24-B,B,M1,8,-0.0,-49.0,20.0073,49.0
L24,L24-B,B,M1,9,34.65,-34.65,20.0145,49.00249993622774
L24,L24-B,B,M1,10,98.0,0.0,19.9161,98.0
L24,L24-B,B,M1,11,90.54,37.5,19.8648,97.99868162378513
L24,L24-B,B,M1,12,69.3,69.3,19.8777,98.00499987245549
L24,L24-B,B,M1,13,37.5,90.54,19.8943,97.99868162378513
L24,L24-B,B,M1,14,0.0,98.0,19.9354,98.0
L24,L24-B,B,M1,15,-37.5,90.54,19.9143,97.99868162378513
L24,L24-B,B,M1,16,-69.3,69.3,19.9071,98.00499987245549
L24,L24-B,B,M1,17,-90.54,37.5,19.877,97.99868162378513
L24,L24-B,B,M1,18,-98.0,0.0,19.8671,98.0
L24,L24-B,B,M1,19,-90.54,-37.5,19.9005,97.99868162378513
L24,L24-B,B,M1,20,-69.3,-69.3,19.8627,98.00499987245549
L24,L24-B,B,M1,21,-37.5,-90.54,19.88,97.99868162378513
L24,L24-B,B,M1,22,-0.0,-98.0,19.8824,98.0
L24,L24-B,B,M1,23,37.5,-90.54,19.9166,97.99868162378513
L24,L24-B,B,M1,24,69.3,-69.3,19.8776,98.00499987245549
L24,L24-B,B,M1,25,90.54,-37.5,19.8359,97.99868162378513
L24,L24-B,B,M1,26,147.0,0.0,19.7673,147.0
L24,L24-B,B,M1,27,141.99,38.05,19.7432,146.99987278906062
L24,L24-B,B,M1,28,127.31,73.5,19.758,147.00369417126905
L24,L24-B,B,M1,29,103.94,103.94,19.7555,146.9933576730595
L24,L24-B,B,M1,30,73.5,127.31,19.7517,147.00369417126905
L24,L24-B,B,M1,31,38.05,141.99,19.773,146.99987278906062
L24,L24-B,B,M1,32,0.0,147.0,19.7265,147.0
L24,L24-B,B,M1,33,-38.05,141.99,19.7469,146.99987278906062
L24,L24-B,B,M1,34,-73.5,127.31,19.7709,147.00369417126905
L24,L24-B,B,M1,35,-103.94,103.94,19.7449,146.9933576730595
L24,L24-B,B,M1,36,-127.31,73.5,19.725,147.00369417126905
L24,L24-B,B,M1,37,-141.99,38.05,19.7706,146.99987278906062
L24,L24-B,B,M1,38,-147.0,0.0,19.7797,147.0
L24,L24-B,B,M1,39,-141.99,-38.05,19.7563,146.99987278906062
L24,L24-B,B,M1,40,-127.31,-73.5,19.718,147.00369417126905
L24,L24-B,B,M1,41,-103.94,-103.94,19.7713,146.9933576730595
L24,L24-B,B,M1,42,-73.5,-127.31,19.724,147.00369417126905
L24,L24-B,B,M1,43,-38.05,-141.99,19.7634,146.99987278906062
L24,L24-B,B,M1,44,-0.0,-147.0,19.7394,147.0
L24,L24-B,B,M1,45,38.05,-141.99,19.734,146.99987278906062
L24,L24-B,B,M1,46,73.5,-127.31,19.7484,147.00369417126905
L24,L24-B,B,M1,47,103.94,-103.94,19.7535,146.9933576730595
L24,L24-B,B,M1,48,127.31,-73.5,19.7443,147.00369417126905
L24,L24-B,B,M1,49,141.99,-38.05,19.769,146.99987278906062
L25,L25-A,A,M1,1,0.0,0.0,20.0062,0.0
L25,L25-A,A,M1,2,49.0,0.0,19.9932,49.0
L25,L25-A,A,M1,3,34.65,34.65,19.9736,49.00249993622774
L25,L25-A,A,M1,4,0.0,49.0,19.9702,49.0
L25,L25-A,A,M1,5,-34.65,34.65,19.9546,49.00249993622774
L25,L25-A,A,M1,6,-49.0,0.0,19.9933,49.0
L25,L25-A,A,M1,7,-34.65,-34.65,19.9804,49.00249993622774
L25,L25-A,A,M1,8,-0.0,-49.0,19.9401,49.0
L25,L25-A,A,M1,9,34.65,-34.65,19.9768,49.00249993622774
L25,L25-A,A,M1,10,98.0,0.0,19.9832,98.0
L25,L25-A,A,M1,11,90.54,37.5,20.0327,97.99868162378513
L25,L25-A,A,M1,12,69.3,69.3,19.9671,98.00499987245549
L25,L25-A,A,M1,13,37.5,90.54,19.9724,97.99868162378513
L25,L25-A,A,M1,14,0.0,98.0,20.0234,98.0
L25,L25-A,A,M1,15,-37.5,90.54,20.0283,97.99868162378513
L25,L25-A,A,M1,16,-69.3,69.3,19.9863,98.00499987245549
L25,L25-A,A,M1,17,-90.54,37.5,19.9886,97.99868162378513
L25,L25-A,A,M1,18,-98.0,0.0,20.0135,98.0
L25,L25-A,A,M1,19,-90.54,-37.5,19.9547,97.99868162378513
L25,L25-A,A,M1,20,-69.3,-69.3,19.964,98.00499987245549
L25,L25-A,A,M1,21,-37.5,-90.54,19.9956,97.99868162378513
L25,L25-A,A,M1,22,-0.0,-98.0,20.0322,98.0
L25,L25-A,A,M1,23,37.5,-90.54,19.9925,97.99868162378513
L25,L25-A,A,M1,24,69.3,-69.3,20.0032,98.00499987245549
L25,L25-A,A,M1,25,90.54,-37.5,20.0239,97.99868162378513
L25,L25-A,A,M1,26,147.0,0.0,20.1025,147.0
L25,L25-A,A,M1,27,141.99,38.05,20.0489,146.99987278906062
L25,L25-A,A,M1,28,127.31,73.5,20.0601,147.00369417126905
L25,L25-A,A,M1,29,103.94,103.94,20.0968,146.9933576730595
L25,L25-A,A,M1,30,73.5,127.31,20.03,147.00369417126905
L25,L25-A,A,M1,31,38.05,141.99,20.081,146.99987278906062
L25,L25-A,A,M1,32,0.0,147.0,20.04,147.0
L25,L25-A,A,M1,33,-38.05,141.99,20.0625,146.99987278906062
L25,L25-A,A,M1,34,-73.5,127.31,20.0556,147.00369417126905
L25,L25-A,A,M1,35,-103.94,103.94,20.0412,146.9933576730595
L25,L25-A,A,M1,36,-127.31,73.5,20.0407,147.00369417126905
L25,L25-A,A,M1,37,-141.99,38.05,20.0659,146.99987278906062
L25,L25-A,A,M1,38,-147.0,0.0,20.0803,147.0
L25,L25-A,A,M1,39,-141.99,-38.05,20.0578,146.99987278906062
L25,L25-A,A,M1,40,-127.31,-73.5,20.0618,147.00369417126905
L25,L25-A,A,M1,41,-103.94,-103.94,20.0718,146.9933576730595
L25,L25-A,A,M1,42,-73.5,-127.31,20.041,147.00369417126905
L25,L25-A,A,M1,43,-38.05,-141.99,20.0752,146.99987278906062
L25,L25-A,A,M1,44,-0.0,-147.0,20.0768,147.0
L25,L25-A,A,M1,45,38.05,-141.99,20.1125,146.99987278906062
L25,L25-A,A,M1,46,73.5,-127.31,20.0529,147.00369417126905
L25,L25-A,A,M1,47,103.94,-103.94,20.0512,146.9933576730595
L25,L25-A,A,M1,48,127.31,-73.5,20.0758,147.00369417126905
L25,L25-A,A,M1,49,141.99,-38.05,20.0768,146.99987278906062
L25,L25-B,B,M1,1,0.0,0.0,19.9759,0.0
L25,L25-B,B,M1,2,49.0,0.0,19.9583,49.0
L25,L25-B,B,M1,3,34.65,34.65,19.931,49.00249993622774
L25,L25-B,B,M1,4,0.0,49.0,19.9393,49.0
L25,L25-B,B,M1,5,-34.65,34.65,19.9493,49.00249993622774
L25,L25-B,B,M1,6,-49.0,0.0,19.9674,49.0
L25,L25-B,B,M1,7,-34.65,-34.65,19.9354,49.00249993622774
L25,L25-B,B,M1,8,-0.0,-49.0,19.9107,49.0
L25,L25-B,B,M1,9,34.65,-34.65,19.9092,49.00249993622774
L25,L25-B,B,M1,10,98.0,0.0,19.8239,98.0
L25,L25-B,B,M1,11,90.54,37.5,19.8229,97.99868162378513
L25,L25-B,B,M1,12,69.3,69.3,19.846,98.00499987245549
L25,L25-B,B,M1,13,37.5,90.54,19.8253,97.99868162378513
L25,L25-B,B,M1,14,0.0,98.0,19.8351,98.0
L25,L25-B,B,M1,15,-37.5,90.54,19.8336,97.99868162378513
L25,L25-B,B,M1,16,-69.3,69.3,19.8403,98.00499987245549
L25,L25-B,B,M1,17,-90.54,37.5,19.8756,97.99868162378513
L25,L25-B,B,M1,18,-98.0,0.0,19.8624,98.0
L25,L25-B,B,M1,19,-90.54,-37.5,19.8495,97.99868162378513
L25,L25-B,B,M1,20,-69.3,-69.3,19.8399,98.00499987245549
L25,L25-B,B,M1,21,-37.5,-90.54,19.8405,97.99868162378513
L25,L25-B,B,M1,22,-0.0,-98.0,19.8557,98.0
L25,L25-B,B,M1,23,37.5,-90.54,19.8608,97.99868162378513
L25,L25-B,B,M1,24,69.3,-69.3,19.831,98.00499987245549
L25,L25-B,B,M1,25,90.54,-37.5,19.8499,97.99868162378513
L25,L25-B,B,M1,26,147.0,0.0,19.681,147.0
L25,L25-B,B,M1,27,141.99,38.05,19.7258,146.99987278906062
L25,L25-B,B,M1,28,127.31,73.5,19.7368,147.00369417126905
L25,L25-B,B,M1,29,103.94,103.94,19.716,146.9933576730595
L25,L25-B,B,M1,30,73.5,127.31,19.7579,147.00369417126905
L25,L25-B,B,M1,31,38.05,141.99,19.704,146.99987278906062
L25,L25-B,B,M1,32,0.0,147.0,19.7259,147.0
L25,L25-B,B,M1,33,-38.05,141.99,19.7209,146.99987278906062
L25,L25-B,B,M1,34,-73.5,127.31,19.7196,147.00369417126905
L25,L25-B,B,M1,35,-103.94,103.94,19.7193,146.9933576730595
L25,L25-B,B,M1,36,-127.31,73.5,19.7237,147.00369417126905
L25,L25-B,B,M1,37,-141.99,38.05,19.7386,146.99987278906062
L25,L25-B,B,M1,38,-147.0,0.0,19.7492,147.0
L25,L25-B,B,M1,39,-141.99,-38.05,19.7216,146.99987278906062
L25,L25-B,B,M1,40,-127.31,-73.5,19.7379,147.00369417126905
L25,L25-B,B,M1,41,-103.94,-103.94,19.7076,146.9933576730595
L25,L25-B,B,M1,42,-73.5,-127.31,19.7369,147.00369417126905
L25,L25-B,B,M1,43,-38.05,-141.99,19.7064,146.99987278906062
L25,L25-B,B,M1,44,-0.0,-147.0,19.7434,147.0
L25,L25-B,B,M1,45,38.05,-141.99,19.7658,146.99987278906062
L25,L25-B,B,M1,46,73.5,-127.31,19.7192,147.00369417126905
L25,L25-B,B,M1,47,103.94,-103.94,19.6777,146.9933576730595
L25,L25-B,B,M1,48,127.31,-73.5,19.7106,147.00369417126905
L25,L25-B,B,M1,49,141.99,-38.05,19.7462,146.99987278906062
L26,L26-A,A,M1,1,0.0,0.0,20.0216,0.0
L26,L26-A,A,M1,2,49.0,0.0,20.0377,49.0
L26,L26-A,A,M1,3,34.65,34.65,20.0272,49.00249993622774
L26,L26-A,A,M1,4,0.0,49.0,20.0419,49.0
L26,L26-A,A,M1,5,-34.65,34.65,20.0359,49.00249993622774
L26,L26-A,A,M1,6,-49.0,0.0,20.0479,49.0
L26,L26-A,A,M1,7,-34.65,-34.65,20.0247,49.00249993622774
L26,L26-A,A,M1,8,-0.0,-49.0,20.0356,49.0
L26,L26-A,A,M1,9,34.65,-34.65,20.0114,49.00249993622774
L26,L26-A,A,M1,10,98.0,0.0,20.0191,98.0
L26,L26-A,A,M1,11,90.54,37.5,20.0653,97.99868162378513
L26,L26-A,A,M1,12,69.3,69.3,20.0355,98.00499987245549
L26,L26-A,A,M1,13,37.5,90.54,20.0473,97.99868162378513
L26,L26-A,A,M1,14,0.0,98.0,20.0336,98.0
L26,L26-A,A,M1,15,-37.5,90.54,20.0194,97.99868162378513
L26,L26-A,A,M1,16,-69.3,69.3,20.0314,98.00499987245549
L26,L26-A,A,M1,17,-90.54,37.5,20.0599,97.99868162378513
L26,L26-A,A,M1,18,-98.0,0.0,20.0423,98.0
L26,L26-A,A,M1,19,-90.54,-37.5,19.9969,97.99868162378513
L26,L26-A,A,M1,20,-69.3,-69.3,20.0269,98.00499987245549
L26,L26-A,A,M1,21,-37.5,-90.54,20.0668,97.99868162378513
L26,L26-A,A,M1,22,-0.0,-98.0,20.0269,98.0
L26,L26-A,A,M1,23,37.5,-90.54,19.9952,97.99868162378513
L26,L26-A,A,M1,24,69.3,-69.3,20.069,98.00499987245549
L26,L26-A,A,M1,25,90.54,-37.5,20.0448,97.99868162378513
L26,L26-A,A,M1,26,147.0,0.0,20.089,147.0
L26,L26-A,A,M1,27,141.99,38.05,20.083,146.99987278906062
L26,L26-A,A,M1,28,127.31,73.5,20.112,147.00369417126905
L26,L26-A,A,M1,29,103.94,103.94,20.0795,146.9933576730595
L26,L26-A,A,M1,30,73.5,127.31,20.1133,147.00369417126905
L26,L26-A,A,M1,31,38.05,141.99,20.1012,146.99987278906062
L26,L26-A,A,M1,32,0.0,147.0,20.0953,147.0
L26,L26-A,A,M1,33,-38.05,141.99,20.0933,146.99987278906062
L26,L26-A,A,M1,34,-73.5,127.31,20.0869,147.00369417126905
L26,L26-A,A,M1,35,-103.94,103.94,20.1113,146.9933576730595
L26,L26-A,A,M1,36,-127.31,73.5,20.0731,147.00369417126905
L26,L26-A,A,M1,37,-141.99,38.05,20.0579,146.99987278906062
L26,L26-A,A,M1,38,-147.0,0.0,20.1027,147.0
L26,L26-A,A,M1,39,-141.99,-38.05,20.103,146.99987278906062
L26,L26-A,A,M1,40,-127.31,-73.5,20.1,147.00369417126905
L26,L26-A,A,M1,41,-103.94,-103.94,20.0985,146.9933576730595
L26,L26-A,A,M1,42,-73.5,-127.31,20.084,147.00369417126905
L26,L26-A,A,M1,43,-38.05,-141.99,20.1061,146.99987278906062
L26,L26-A,A,M1,44,-0.0,-147.0,20.0895,147.0
L26,L26-A,A,M1,45,38.05,-141.99,20.0806,146.99987278906062
L26,L26-A,A,M1,46,73.5,-127.31,20.0841,147.00369417126905
L26,L26-A,A,M1,47,103.94,-103.94,20.1308,146.9933576730595
L26,L26-A,A,M1,48,127.31,-73.5,20.0557,147.00369417126905
L26,L26-A,A,M1,49,141.99,-38.05,20.1004,146.99987278906062
L26,L26-B,B,M1,1,0.0,0.0,19.9475,0.0
L26,L26-B,B,M1,2,49.0,0.0,19.9045,49.0
L26,L26-B,B,M1,3,34.65,34.65,19.8715,49.00249993622774
L26,L26-B,B,M1,4,0.0,49.0,19.921,49.0
L26,L26-B,B,M1,5,-34.65,34.65,19.9056,49.00249993622774
L26,L26-B,B,M1,6,-49.0,0.0,19.8712,49.0
L26,L26-B,B,M1,7,-34.65,-34.65,19.93,49.00249993622774
L26,L26-B,B,M1,8,-0.0,-49.0,19.9419,49.0
L26,L26-B,B,M1,9,34.65,-34.65,19.943,49.00249993622774
L26,L26-B,B,M1,10,98.0,0.0,19.822,98.0
L26,L26-B,B,M1,11,90.54,37.5,19.8157,97.99868162378513
L26,L26-B,B,M1,12,69.3,69.3,19.8414,98.00499987245549
L26,L26-B,B,M1,13,37.5,90.54,19.8485,97.99868162378513
L26,L26-B,B,M1,14,0.0,98.0,19.8375,98.0
L26,L26-B,B,M1,15,-37.5,90.54,19.796,97.99868162378513
L26,L26-B,B,M1,16,-69.3,69.3,19.8188,98.00499987245549
L26,L26-B,B,M1,17,-90.54,37.5,19.8236,97.99868162378513
L26,L26-B,B,M1,18,-98.0,0.0,19.7786,98.0
L26,L26-B,B,M1,19,-90.54,-37.5,19.8242,97.99868162378513
L26,L26-B,B,M1,20,-69.3,-69.3,19.8603,98.00499987245549
L26,L26-B,B,M1,21,-37.5,-90.54,19.8276,97.99868162378513
L26,L26-B,B,M1,22,-0.0,-98.0,19.8443,98.0
L26,L26-B,B,M1,23,37.5,-90.54,19.8185,97.99868162378513
L26,L26-B,B,M1,24,69.3,-69.3,19.8133,98.00499987245549
L26,L26-B,B,M1,25,90.54,-37.5,19.8224,97.99868162378513
L26,L26-B,B,M1,26,147.0,0.0,19.671,147.0
L26,L26-B,B,M1,27,141.99,38.05,19.668,146.99987278906062
L26,L26-B,B,M1,28,127.31,73.5,19.7126,147.00369417126905
L26,L26-B,B,M1,29,103.94,103.94,19.7147,146.9933576730595
L26,L26-B,B,M1,30,73.5,127.31,19.6675,147.00369417126905
L26,L26-B,B,M1,31,38.05,141.99,19.7066,146.99987278906062
L26,L26-B,B,M1,32,0.0,147.0,19.6855,147.0
L26,L26-B,B,M1,33,-38.05,141.99,19.6941,146.99987278906062
L26,L26-B,B,M1,34,-73.5,127.31,19.6965,147.00369417126905
L26,L26-B,B,M1,35,-103.94,103.94,19.7072,146.9933576730595
L26,L26-B,B,M1,36,-127.31,73.5,19.6889,147.00369417126905
L26,L26-B,B,M1,37,-141.99,38.05,19.7155,146.99987278906062
L26,L26-B,B,M1,38,-147.0,0.0,19.6935,147.0
L26,L26-B,B,M1,39,-141.99,-38.05,19.6998,146.99987278906062
L26,L26-B,B,M1,40,-127.31,-73.5,19.6706,147.00369417126905
L26,L26-B,B,M1,41,-103.94,-103.94,19.7304,146.9933576730595
L26,L26-B,B,M1,42,-73.5,-127.31,19.6967,147.00369417126905
L26,L26-B,B,M1,43,-38.05,-141.99,19.7015,146.99987278906062
L26,L26-B,B,M1,44,-0.0,-147.0,19.6551,147.0
L26,L26-B,B,M1,45,38.05,-141.99,19.6708,146.99987278906062
L26,L26-B,B,M1,46,73.5,-127.31,19.712,147.00369417126905
L26,L26-B,B,M1,47,103.94,-103.94,19.693,146.9933576730595
L26,L26-B,B,M1,48,127.31,-73.5,19.649,147.00369417126905
L26,L26-B,B,M1,49,141.99,-38.05,19.708,146.99987278906062
L27,L27-A,A,M1,1,0.0,0.0,20.0119,0.0
L27,L27-A,A,M1,2,49.0,0.0,19.9828,49.0
L27,L27-A,A,M1,3,34.65,34.65,19.9887,49.00249993622774
L27,L27-A,A,M1,4,0.0,49.0,20.0082,49.0
L27,L27-A,A,M1,5,-34.65,34.65,19.9666,49.00249993622774
L27,L27-A,A,M1,6,-49.0,0.0,19.9647,49.0
L27,L27-A,A,M1,7,-34.65,-34.65,19.9807,49.00249993622774
L27,L27-A,A,M1,8,-0.0,-49.0,20.0011,49.0
L27,L27-A,A,M1,9,34.65,-34.65,19.958,49.00249993622774
L27,L27-A,A,M1,10,98.0,0.0,19.9649,98.0
L27,L27-A,A,M1,11,90.54,37.5,20.0147,97.99868162378513
L27,L27-A,A,M1,12,69.3,69.3,19.9862,98.00499987245549
L27,L27-A,A,M1,13,37.5,90.54,19.9904,97.99868162378513
L27,L27-A,A,M1,14,0.0,98.0,19.9611,98.0
L27,L27-A,A,M1,15,-37.5,90.54,19.9847,97.99868162378513
L27,L27-A,A,M1,16,-69.3,69.3,19.9981,98.00499987245549
L27,L27-A,A,M1,17,-90.54,37.5,20.0169,97.99868162378513
L27,L27-A,A,M1,18,-98.0,0.0,19.9828,98.0
L27,L27-A,A,M1,19,-90.54,-37.5,20.0314,97.99868162378513
L27,L27-A,A,M1,20,-69.3,-69.3,19.9846,98.00499987245549
L27,L27-A,A,M1,21,-37.5,-90.54,19.9846,97.99868162378513
L27,L27-A,A,M1,22,-0.0,-98.0,20.029,98.0
L27,L27-A,A,M1,23,37.5,-90.54,20.0025,97.99868162378513
L27,L27-A,A,M1,24,69.3,-69.3,19.9872,98.00499987245549
L27,L27-A,A,M1,25,90.54,-37.5,19.9952,97.99868162378513
L27,L27-A,A,M1,26,147.0,0.0,20.0845,147.0
L27,L27-A,A,M1,27,141.99,38.05,20.0868,146.99987278906062
L27,L27-A,A,M1,28,127.31,73.5,20.0411,147.00369417126905
L27,L27-A,A,M1,29,103.94,103.94,20.0566,146.9933576730595
L27,L27-A,A,M1,30,73.5,127.31,20.0593,147.00369417126905
L27,L27-A,A,M1,31,38.05,141.99,20.0378,146.99987278906062
L27,L27-A,A,M1,32,0.0,147.0,20.0564,147.0
L27,L27-A,A,M1,33,-38.05,141.99,20.0576,146.99987278906062
L27,L27-A,A,M1,34,-73.5,127.31,20.0803,147.00369417126905
L27,L27-A,A,M1,35,-103.94,103.94,20.0816,146.9933576730595
L27,L27-A,A,M1,36,-127.31,73.5,20.0509,147.00369417126905
L27,L27-A,A,M1,37,-141.99,38.05,20.0532,146.99987278906062
L27,L27-A,A,M1,38,-147.0,0.0,20.0708,147.0
L27,L27-A,A,M1,39,-141.99,-38.05,20.0458,146.99987278906062
L27,L27-A,A,M1,40,-127.31,-73.5,20.0692,147.00369417126905
L27,L27-A,A,M1,41,-103.94,-103.94,20.0557,146.9933576730595
L27,L27-A,A,M1,42,-73.5,-127.31,20.0381,147.00369417126905
L27,L27-A,A,M1,43,-38.05,-141.99,20.0383,146.99987278906062
L27,L27-A,A,M1,44,-0.0,-147.0,20.0864,147.0
L27,L27-A,A,M1,45,38.05,-141.99,20.0543,146.99987278906062
L27,L27-A,A,M1,46,73.5,-127.31,20.0903,147.00369417126905
L27,L27-A,A,M1,47,103.94,-103.94,20.0472,146.9933576730595
L27,L27-A,A,M1,48,127.31,-73.5,20.0633,147.00369417126905
L27,L27-A,A,M1,49,141.99,-38.05,20.1053,146.99987278906062
L27,L27-B,B,M1,1,0.0,0.0,19.9303,0.0
L27,L27-B,B,M1,2,49.0,0.0,19.9576,49.0
L27,L27-B,B,M1,3,34.65,34.65,19.9153,49.00249993622774
L27,L27-B,B,M1,4,0.0,49.0,19.9314,49.0
L27,L27-B,B,M1,5,-34.65,34.65,19.9201,49.00249993622774
L27,L27-B,B,M1,6,-49.0,0.0,19.9372,49.0
L27,L27-B,B,M1,7,-34.65,-34.65,19.9128,49.00249993622774
L27,L27-B,B,M1,8,-0.0,-49.0,19.9282,49.0
L27,L27-B,B,M1,9,34.65,-34.65,19.9408,49.00249993622774
L27,L27-B,B,M1,10,98.0,0.0,19.8133,98.0
L27,L27-B,B,M1,11,90.54,37.5,19.8195,97.99868162378513
L27,L27-B,B,M1,12,69.3,69.3,19.8265,98.00499987245549
L27,L27-B,B,M1,13,37.5,90.54,19.8049,97.99868162378513
L27,L27-B,B,M1,14,0.0,98.0,19.825,98.0
L27,L27-B,B,M1,15,-37.5,90.54,19.8358,97.99868162378513
L27,L27-B,B,M1,16,-69.3,69.3,19.8255,98.00499987245549
L27,L27-B,B,M1,17,-90.54,37.5,19.828,97.99868162378513
L27,L27-B,B,M1,18,-98.0,0.0,19.8331,98.0
L27,L27-B,B,M1,19,-90.54,-37.5,19.8203,97.99868162378513
L27,L27-B,B,M1,20,-69.3,-69.3,19.8473,98.00499987245549
L27,L27-B,B,M1,21,-37.5,-90.54,19.8622,97.99868162378513
L27,L27-B,B,M1,22,-0.0,-98.0,19.8242,98.0
L27,L27-B,B,M1,23,37.5,-90.54,19.8432,97.99868162378513
L27,L27-B,B,M1,24,69.3,-69.3,19.8287,98.00499987245549
L27,L27-B,B,M1,25,90.54,-37.5,19.8408,97.99868162378513
L27,L27-B,B,M1,26,147.0,0.0,19.7372,147.0
L27,L27-B,B,M1,27,141.99,38.05,19.7161,146.99987278906062
L27,L27-B,B,M1,28,127.31,73.5,19.6705,147.00369417126905
L27,L27-B,B,M1,29,103.94,103.94,19.715,146.9933576730595
L27,L27-B,B,M1,30,73.5,127.31,19.7306,147.00369417126905
L27,L27-B,B,M1,31,38.05,141.99,19.7015,146.99987278906062
L27,L27-B,B,M1,32,0.0,147.0,19.7258,147.0
L27,L27-B,B,M1,33,-38.05,141.99,19.6921,146.99987278906062
L27,L27-B,B,M1,34,-73.5,127.31,19.6762,147.00369417126905
L27,L27-B,B,M1,35,-103.94,103.94,19.7088,146.9933576730595
L27,L27-B,B,M1,36,-127.31,73.5,19.6708,147.00369417126905
L27,L27-B,B,M1,37,-141.99,38.05,19.7011,146.99987278906062
L27,L27-B,B,M1,38,-147.0,0.0,19.7317,147.0
L27,L27-B,B,M1,39,-141.99,-38.05,19.6677,146.99987278906062
L27,L27-B,B,M1,40,-127.31,-73.5,19.6803,147.00369417126905
L27,L27-B,B,M1,41,-103.94,-103.94,19.6853,146.9933576730595
L27,L27-B,B,M1,42,-73.5,-127.31,19.7047,147.00369417126905
L27,L27-B,B,M1,43,-38.05,-141.99,19.6986,146.99987278906062
L27,L27-B,B,M1,44,-0.0,-147.0,19.7339,147.0
L27,L27-B,B,M1,45,38.05,-141.99,19.725,146.99987278906062
L27,L27-B,B,M1,46,73.5,-127.31,19.7158,147.00369417126905
L27,L27-B,B,M1,47,103.94,-103.94,19.7088,146.9933576730595
L27,L27-B,B,M1,48,127.31,-73.5,19.7138,147.00369417126905
L27,L27-B,B,M1,49,141.99,-38.05,19.6887,146.99987278906062
L28,L28-A,A,M1,1,0.0,0.0,20.0035,0.0
L28,L28-A,A,M1,2,49.0,0.0,20.0433,49.0
L28,L28-A,A,M1,3,34.65,34.65,20.0504,49.00249993622774
L28,L28-A,A,M1,4,0.0,49.0,20.0308,49.0
L28,L28-A,A,M1,5,-34.65,34.65,20.0231,49.00249993622774
L28,L28-A,A,M1,6,-49.0,0.0,20.0346,49.0
L28,L28-A,A,M1,7,-34.65,-34.65,19.9694,49.00249993622774
L28,L28-A,A,M1,8,-0.0,-49.0,20.0327,49.0
L28,L28-A,A,M1,9,34.65,-34.65,20.0244,49.00249993622774
L28,L28-A,A,M1,10,98.0,0.0,20.0393,98.0
L28,L28-A,A,M1,11,90.54,37.5,20.0544,97.99868162378513
L28,L28-A,A,M1,12,69.3,69.3,20.0388,98.00499987245549
L28,L28-A,A,M1,13,37.5,90.54,20.0175,97.99868162378513
L28,L28-A,A,M1,14,0.0,98.0,20.0375,98.0
L28,L28-A,A,M1,15,-37.5,90.54,20.0416,97.99868162378513
L28,L28-A,A,M1,16,-69.3,69.3,20.0426,98.00499987245549
L28,L28-A,A,M1,17,-90.54,37.5,20.0435,97.99868162378513
L28,L28-A,A,M1,18,-98.0,0.0,20.0611,98.0
L28,L28-A,A,M1,19,-90.54,-37.5,20.0186,97.99868162378513
L28,L28-A,A,M1,20,-69.3,-69.3,20.0438,98.00499987245549
L28,L28-A,A,M1,21,-37.5,-90.54,20.0661,97.99868162378513
L28,L28-A,A,M1,22,-0.0,-98.0,20.0056,98.0
L28,L28-A,A,M1,23,37.5,-90.54,20.0439,97.99868162378513
L28,L28-A,A,M1,24,69.3,-69.3,20.0286,98.00499987245549
L28,L28-A,A,M1,25,90.54,-37.5,20.0329,97.99868162378513
L28,L28-A,A,M1,26,147.0,0.0,20.0814,147.0
L28,L28-A,A,M1,27,141.99,38.05,20.0961,146.99987278906062
L28,L28-A,A,M1,28,127.31,73.5,20.1363,147.00369417126905
L28,L28-A,A,M1,29,103.94,103.94,20.0742,146.9933576730595
L28,L28-A,A,M1,30,73.5,127.31,20.0761,147.00369417126905
L28,L28-A,A,M1,31,38.05,141.99,20.0735,146.99987278906062
L28,L28-A,A,M1,32,0.0,147.0,20.1341,147.0
L28,L28-A,A,M1,33,-38.05,141.99,20.0903,146.99987278906062
L28,L28-A,A,M1,34,-73.5,127.31,20.099,147.00369417126905
L28,L28-A,A,M1,35,-103.94,103.94,20.0915,146.9933576730595
L28,L28-A,A,M1,36,-127.31,73.5,20.0806,147.00369417126905
L28,L28-A,A,M1,37,-141.99,38.05,20.0948,146.99987278906062
L28,L28-A,A,M1,38,-147.0,0.0,20.1487,147.0
L28,L28-A,A,M1,39,-141.99,-38.05,20.1273,146.99987278906062
L28,L28-A,A,M1,40,-127.31,-73.5,20.0824,147.00369417126905
L28,L28-A,A,M1,41,-103.94,-103.94,20.1125,146.9933576730595
L28,L28-A,A,M1,42,-73.5,-127.31,20.0829,147.00369417126905
L28,L28-A,A,M1,43,-38.05,-141.99,20.064,146.99987278906062
L28,L28-A,A,M1,44,-0.0,-147.0,20.1199,147.0
L28,L28-A,A,M1,45,38.05,-141.99,20.1227,146.99987278906062
L28,L28-A,A,M1,46,73.5,-127.31,20.1204,147.00369417126905
L28,L28-A,A,M1,47,103.94,-103.94,20.0901,146.9933576730595
L28,L28-A,A,M1,48,127.31,-73.5,20.0962,147.00369417126905
L28,L28-A,A,M1,49,141.99,-38.05,20.1145,146.99987278906062
L28,L28-B,B,M1,1,0.0,0.0,20.0039,0.0
L28,L28-B,B,M1,2,49.0,0.0,19.9429,49.0
L28,L28-B,B,M1,3,34.65,34.65,19.9776,49.00249993622774
L28,L28-B,B,M1,4,0.0,49.0,19.9969,49.0
L28,L28-B,B,M1,5,-34.65,34.65,19.9514,49.00249993622774
L28,L28-B,B,M1,6,-49.0,0.0,19.9881,49.0
L28,L28-B,B,M1,7,-34.65,-34.65,19.9819,49.00249993622774
L28,L28-B,B,M1,8,-0.0,-49.0,19.9903,49.0
L28,L28-B,B,M1,9,34.65,-34.65,19.9927,49.00249993622774
L28,L28-B,B,M1,10,98.0,0.0,19.863,98.0
L28,L28-B,B,M1,11,90.54,37.5,19.8446,97.99868162378513
L28,L28-B,B,M1,12,69.3,69.3,19.8663,98.00499987245549
L28,L28-B,B,M1,13,37.5,90.54,19.8947,97.99868162378513
L28,L28-B,B,M1,14,0.0,98.0,19.8661,98.0
L28,L28-B,B,M1,15,-37.5,90.54,19.863,97.99868162378513
L28,L28-B,B,M1,16,-69.3,69.3,19.8405,98.00499987245549
L28,L28-B,B,M1,17,-90.54,37.5,19.912,97.99868162378513
L28,L28-B,B,M1,18,-98.0,0.0,19.8934,98.0
L28,L28-B,B,M1,19,-90.54,-37.5,19.8923,97.99868162378513
L28,L28-B,B,M1,20,-69.3,-69.3,19.8963,98.00499987245549
L28,L28-B,B,M1,21,-37.5,-90.54,19.8885,97.99868162378513
L28,L28-B,B,M1,22,-0.0,-98.0,19.872,98.0
L28,L28-B,B,M1,23,37.5,-90.54,19.8736,97.99868162378513
L28,L28-B,B,M1,24,69.3,-69.3,19.8684,98.00499987245549
L28,L28-B,B,M1,25,90.54,-37.5,19.9296,97.99868162378513
L28,L28-B,B,M1,26,147.0,0.0,19.7605,147.0
L28,L28-B,B,M1,27,141.99,38.05,19.7401,146.99987278906062
L28,L28-B,B,M1,28,127.31,73.5,19.7587,147.00369417126905
L28,L28-B,B,M1,29,103.94,103.94,19.7292,146.9933576730595
L28,L28-B,B,M1,30,73.5,127.31,19.7795,147.00369417126905
L28,L28-B,B,M1,31,38.05,141.99,19.7362,146.99987278906062
L28,L28-B,B,M1,32,0.0,147.0,19.7594,147.0
L28,L28-B,B,M1,33,-38.05,141.99,19.7707,146.99987278906062
L28,L28-B,B,M1,34,-73.5,127.31,19.7571,147.00369417126905
L28,L28-B,B,M1,35,-103.94,103.94,19.7513,146.9933576730595
L28,L28-B,B,M1,36,-127.31,73.5,19.7496,147.00369417126905
L28,L28-B,B,M1,37,-141.99,38.05,19.7483,146.99987278906062
L28,L28-B,B,M1,38,-147.0,0.0,19.7379,147.0
L28,L28-B,B,M1,39,-141.99,-38.05,19.7404,146.99987278906062
L28,L28-B,B,M1,40,-127.31,-73.5,19.779,147.00369417126905
L28,L28-B,B,M1,41,-103.94,-103.94,19.7472,146.9933576730595
L28,L28-B,B,M1,42,-73.5,-127.31,19.7337,147.00369417126905
L28,L28-B,B,M1,43,-38.05,-141.99,19.7391,146.99987278906062
L28,L28-B,B,M1,44,-0.0,-147.0,19.7714,147.0
L28,L28-B,B,M1,45,38.05,-141.99,19.7629,146.99987278906062
L28,L28-B,B,M1,46,73.5,-127.31,19.7606,147.00369417126905
L28,L28-B,B,M1,47,103.94,-103.94,19.7442,146.9933576730595
L28,L28-B,B,M1,48,127.31,-73.5,19.7609,147.00369417126905
L28,L28-B,B,M1,49,141.99,-38.05,19.7365,146.99987278906062
L29,L29-A,A,M1,1,0.0,0.0,20.0116,0.0
L29,L29-A,A,M1,2,49.0,0.0,20.0106,49.0
L29,L29-A,A,M1,3,34.65,34.65,19.9735,49.00249993622774
L29,L29-A,A,M1,4,0.0,49.0,19.976,49.0
L29,L29-A,A,M1,5,-34.65,34.65,19.9953,49.00249993622774
L29,L29-A,A,M1,6,-49.0,0.0,20.0276,49.0
L29,L29-A,A,M1,7,-34.65,-34.65,19.9548,49.00249993622774
L29,L29-A,A,M1,8,-0.0,-49.0,19.9987,49.0
L29,L29-A,A,M1,9,34.65,-34.65,19.9656,49.00249993622774
L29,L29-A,A,M1,10,98.0,0.0,19.9941,98.0
L29,L29-A,A,M1,11,90.54,37.5,19.9995,97.99868162378513
L29,L29-A,A,M1,12,69.3,69.3,19.9984,98.00499987245549
L29,L29-A,A,M1,13,37.5,90.54,19.9961,97.99868162378513
L29,L29-A,A,M1,14,0.0,98.0,20.0069,98.0
L29,L29-A,A,M1,15,-37.5,90.54,19.9961,97.99868162378513
L29,L29-A,A,M1,16,-69.3,69.3,19.9775,98.00499987245549
L29,L29-A,A,M1,17,-90.54,37.5,20.0224,97.99868162378513
L29,L29-A,A,M1,18,-98.0,0.0,20.0218,98.0
L29,L29-A,A,M1,19,-90.54,-37.5,20.0237,97.99868162378513
L29,L29-A,A,M1,20,-69.3,-69.3,19.976,98.00499987245549
L29,L29-A,A,M1,21,-37.5,-90.54,20.0128,97.99868162378513
L29,L29-A,A,M1,22,-0.0,-98.0,20.0203,98.0
L29,L29-A,A,M1,23,37.5,-90.54,19.9862,97.99868162378513
L29,L29-A,A,M1,24,69.3,-69.3,20.007,98.00499987245549
L29,L29-A,A,M1,25,90.54,-37.5,20.0045,97.99868162378513
L29,L29-A,A,M1,26,147.0,0.0,20.1028,147.0
L29,L29-A,A,M1,27,141.99,38.05,20.1045,146.99987278906062
L29,L29-A,A,M1,28,127.31,73.5,20.0327,147.00369417126905
L29,L29-A,A,M1,29,103.94,103.94,20.1159,146.9933576730595
L29,L29-A,A,M1,30,73.5,127.31,20.0477,147.00369417126905
L29,L29-A,A,M1,31,38.05,141.99,20.0856,146.99987278906062
L29,L29-A,A,M1,32,0.0,147.0,20.0854,147.0
L29,L29-A,A,M1,33,-38.05,141.99,20.0461,146.99987278906062
L29,L29-A,A,M1,34,-73.5,127.31,20.0759,147.00369417126905
L29,L29-A,A,M1,35,-103.94,103.94,20.0639,146.9933576730595
L29,L29-A,A,M1,36,-127.31,73.5,20.0771,147.00369417126905
L29,L29-A,A,M1,37,-141.99,38.05,20.0706,146.99987278906062
L29,L29-A,A,M1,38,-147.0,0.0,20.0899,147.0
L29,L29-A,A,M1,39,-141.99,-38.05,20.0675,146.99987278906062
L29,L29-A,A,M1,40,-127.31,-73.5,20.0626,147.00369417126905
L29,L29-A,A,M1,41,-103.94,-103.94,20.0879,146.9933576730595
L29,L29-A,A,M1,42,-73.5,-127.31,20.0776,147.00369417126905
L29,L29-A,A,M1,43,-38.05,-141.99,20.0806,146.99987278906062
L29,L29-A,A,M1,44,-0.0,-147.0,20.0527,147.0
L29,L29-A,A,M1,45,38.05,-141.99,20.0451,146.99987278906062
L29,L29-A,A,M1,46,73.5,-127.31,20.0546,147.00369417126905
L29,L29-A,A,M1,47,103.94,-103.94,20.0536,146.9933576730595
L29,L29-A,A,M1,48,127.31,-73.5,20.0817,147.00369417126905
L29,L29-A,A,M1,49,141.99,-38.05,20.0855,146.99987278906062
L29,L29-B,B,M1,1,0.0,0.0,20.024,0.0
L29,L29-B,B,M1,2,49.0,0.0,19.9863,49.0
L29,L29-B,B,M1,3,34.65,34.65,19.9638,49.00249993622774
L29,L29-B,B,M1,4,0.0,49.0,19.9425,49.0
L29,L29-B,B,M1,5,-34.65,34.65,19.9904,49.00249993622774
L29,L29-B,B,M1,6,-49.0,0.0,19.9577,49.0
L29,L29-B,B,M1,7,-34.65,-34.65,19.9614,49.00249993622774
L29,L29-B,B,M1,8,-0.0,-49.0,19.9521,49.0
L29,L29-B,B,M1,9,34.65,-34.65,19.9411,49.00249993622774
L29,L29-B,B,M1,10,98.0,0.0,19.8312,98.0
L29,L29-B,B,M1,11,90.54,37.5,19.8732,97.99868162378513
L29,L29-B,B,M1,12,69.3,69.3,19.8449,98.00499987245549
L29,L29-B,B,M1,13,37.5,90.54,19.9217,97.99868162378513
L29,L29-B,B,M1,14,0.0,98.0,19.8388,98.0
L29,L29-B,B,M1,15,-37.5,90.54,19.8354,97.99868162378513
L29,L29-B,B,M1,16,-69.3,69.3,19.8707,98.00499987245549
L29,L29-B,B,M1,17,-90.54,37.5,19.8911,97.99868162378513
L29,L29-B,B,M1,18,-98.0,0.0,19.8618,98.0
L29,L29-B,B,M1,19,-90.54,-37.5,19.872,97.99868162378513
L29,L29-B,B,M1,20,-69.3,-69.3,19.8237,98.00499987245549
L29,L29-B,B,M1,21,-37.5,-90.54,19.847,97.99868162378513
L29,L29-B,B,M1,22,-0.0,-98.0,19.8391,98.0
L29,L29-B,B,M1,23,37.5,-90.54,19.8226,97.99868162378513
L29,L29-B,B,M1,24,69.3,-69.3,19.8629,98.00499987245549
L29,L29-B,B,M1,25,90.54,-37.5,19.8157,97.99868162378513
L29,L29-B,B,M1,26,147.0,0.0,19.7066,147.0
L29,L29-B,B,M1,27,141.99,38.05,19.7223,146.99987278906062
L29,L29-B,B,M1,28,127.31,73.5,19.7164,147.00369417126905
L29,L29-B,B,M1,29,103.94,103.94,19.7409,146.9933576730595
L29,L29-B,B,M1,30,73.5,127.31,19.7391,147.00369417126905
L29,L29-B,B,M1,31,38.05,141.99,19.7509,146.99987278906062
L29,L29-B,B,M1,32,0.0,147.0,19.748,147.0
L29,L29-B,B,M1,33,-38.05,141.99,19.7558,146.99987278906062
L29,L29-B,B,M1,34,-73.5,127.31,19.733,147.00369417126905
L29,L29-B,B,M1,35,-103.94,103.94,19.7391,146.9933576730595
L29,L29-B,B,M1,36,-127.31,73.5,19.7432,147.00369417126905
L29,L29-B,B,M1,37,-141.99,38.05,19.7358,146.99987278906062
L29,L29-B,B,M1,38,-147.0,0.0,19.7251,147.0
L29,L29-B,B,M1,39,-141.99,-38.05,19.7263,146.99987278906062
L29,L29-B,B,M1,40,-127.31,-73.5,19.7166,147.00369417126905
L29,L29-B,B,M1,41,-103.94,-103.94,19.7414,146.9933576730595
L29,L29-B,B,M1,42,-73.5,-127.31,19.7311,147.00369417126905
L29,L29-B,B,M1,43,-38.05,-141.99,19.7197,146.99987278906062
L29,L29-B,B,M1,44,-0.0,-147.0,19.7198,147.0
L29,L29-B,B,M1,45,38.05,-141.99,19.7088,146.99987278906062
L29,L29-B,B,M1,46,73.5,-127.31,19.7526,147.00369417126905
L29,L29-B,B,M1,47,103.94,-103.94,19.7346,146.9933576730595
L29,L29-B,B,M1,48,127.31,-73.5,19.7157,147.00369417126905
L29,L29-B,B,M1,49,141.99,-38.05,19.7492,146.99987278906062
L30,L30-A,A,M1,1,0.0,0.0,19.9551,0.0
L30,L30-A,A,M1,2,49.0,0.0,20.0045,49.0
L30,L30-A,A,M1,3,34.65,34.65,19.9734,49.00249993622774
L30,L30-A,A,M1,4,0.0,49.0,19.9759,49.0
L30,L30-A,A,M1,5,-34.65,34.65,19.9849,49.00249993622774
L30,L30-A,A,M1,6,-49.0,0.0,20.0069,49.0
L30,L30-A,A,M1,7,-34.65,-34.65,19.9845,49.00249993622774
L30,L30-A,A,M1,8,-0.0,-49.0,19.9601,49.0
L30,L30-A,A,M1,9,34.65,-34.65,19.995,49.00249993622774
L30,L30-A,A,M1,10,98.0,0.0,19.9881,98.0
L30,L30-A,A,M1,11,90.54,37.5,20.0355,97.99868162378513
L30,L30-A,A,M1,12,69.3,69.3,19.9977,98.00499987245549
L30,L30-A,A,M1,13,37.5,90.54,19.9531,97.99868162378513
L30,L30-A,A,M1,14,0.0,98.0,20.0049,98.0
L30,L30-A,A,M1,15,-37.5,90.54,20.0367,97.99868162378513
L30,L30-A,A,M1,16,-69.3,69.3,20.0293,98.00499987245549
L30,L30-A,A,M1,17,-90.54,37.5,20.0344,97.99868162378513
L30,L30-A,A,M1,18,-98.0,0.0,19.9774,98.0
L30,L30-A,A,M1,19,-90.54,-37.5,20.016,97.99868162378513
L30,L30-A,A,M1,20,-69.3,-69.3,19.9833,98.00499987245549
L30,L30-A,A,M1,21,-37.5,-90.54,20.0022,97.99868162378513
L30,L30-A,A,M1,22,-0.0,-98.0,19.9723,98.0
L30,L30-A,A,M1,23,37.5,-90.54,19.9849,97.99868162378513
L30,L30-A,A,M1,24,69.3,-69.3,19.9842,98.00499987245549
L30,L30-A,A,M1,25,90.54,-37.5,20.0157,97.99868162378513
L30,L30-A,A,M1,26,147.0,0.0,20.073,147.0
L30,L30-A,A,M1,27,141.99,38.05,20.0625,146.99987278906062
L30,L30-A,A,M1,28,127.31,73.5,20.03,147.00369417126905
L30,L30-A,A,M1,29,103.94,103.94,20.0507,146.9933576730595
L30,L30-A,A,M1,30,73.5,127.31,20.0421,147.00369417126905
L30,L30-A,A,M1,31,38.05,141.99,20.0744,146.99987278906062
L30,L30-A,A,M1,32,0.0,147.0,20.0805,147.0
L30,L30-A,A,M1,33,-38.05,141.99,20.0781,146.99987278906062
L30,L30-A,A,M1,34,-73.5,127.31,20.0419,147.00369417126905
L30,L30-A,A,M1,35,-103.94,103.94,20.0022,146.9933576730595
L30,L30-A,A,M1,36,-127.31,73.5,20.0216,147.00369417126905
L30,L30-A,A,M1,37,-141.99,38.05,20.0854,146.99987278906062
L30,L30-A,A,M1,38,-147.0,0.0,20.049,147.0
L30,L30-A,A,M1,39,-141.99,-38.05,20.042,146.99987278906062
L30,L30-A,A,M1,40,-127.31,-73.5,20.0898,147.00369417126905
L30,L30-A,A,M1,41,-103.94,-103.94,20.0823,146.9933576730595
L30,L30-A,A,M1,42,-73.5,-127.31,20.0575,147.00369417126905
L30,L30-A,A,M1,43,-38.05,-141.99,20.0511,146.99987278906062
L30,L30-A,A,M1,44,-0.0,-147.0,20.0543,147.0
L30,L30-A,A,M1,45,38.05,-141.99,20.0615,146.99987278906062
L30,L30-A,A,M1,46,73.5,-127.31,20.089,147.00369417126905
L30,L30-A,A,M1,47,103.94,-103.94,20.0654,146.9933576730595
L30,L30-A,A,M1,48,127.31,-73.5,20.0715,147.00369417126905
L30,L30-A,A,M1,49,141.99,-38.05,20.0804,146.99987278906062
L30,L30-B,B,M1,1,0.0,0.0,19.98,0.0
L30,L30-B,B,M1,2,49.0,0.0,19.9226,49.0
L30,L30-B,B,M1,3,34.65,34.65,19.8781,49.00249993622774
L30,L30-B,B,M1,4,0.0,49.0,19.8859,49.0
L30,L30-B,B,M1,5,-34.65,34.65,19.9081,49.00249993622774
L30,L30-B,B,M1,6,-49.0,0.0,19.9391,49.0
L30,L30-B,B,M1,7,-34.65,-34.65,19.9307,49.00249993622774
L30,L30-B,B,M1,8,-0.0,-49.0,19.9322,49.0
L30,L30-B,B,M1,9,34.65,-34.65,19.9675,49.00249993622774
L30,L30-B,B,M1,10,98.0,0.0,19.8047,98.0
L30,L30-B,B,M1,11,90.54,37.5,19.8295,97.99868162378513
L30,L30-B,B,M1,12,69.3,69.3,19.8362,98.00499987245549
L30,L30-B,B,M1,13,37.5,90.54,19.8154,97.99868162378513
L30,L30-B,B,M1,14,0.0,98.0,19.8307,98.0
L30,L30-B,B,M1,15,-37.5,90.54,19.7981,97.99868162378513
L30,L30-B,B,M1,16,-69.3,69.3,19.8583,98.00499987245549
L30,L30-B,B,M1,17,-90.54,37.5,19.8165,97.99868162378513
L30,L30-B,B,M1,18,-98.0,0.0,19.8707,98.0
L30,L30-B,B,M1,19,-90.54,-37.5,19.8294,97.99868162378513
L30,L30-B,B,M1,20,-69.3,-69.3,19.8507,98.00499987245549
L30,L30-B,B,M1,21,-37.5,-90.54,19.829,97.99868162378513
L30,L30-B,B,M1,22,-0.0,-98.0,19.8295,98.0
L30,L30-B,B,M1,23,37.5,-90.54,19.8184,97.99868162378513
L30,L30-B,B,M1,24,69.3,-69.3,19.8325,98.00499987245549
L30,L30-B,B,M1,25,90.54,-37.5,19.8364,97.99868162378513
L30,L30-B,B,M1,26,147.0,0.0,19.6869,147.0
L30,L30-B,B,M1,27,141.99,38.05,19.7001,146.99987278906062
L30,L30-B,B,M1,28,127.31,73.5,19.6904,147.00369417126905
L30,L30-B,B,M1,29,103.94,103.94,19.7486,146.9933576730595
L30,L30-B,B,M1,30,73.5,127.31,19.7008,147.00369417126905
L30,L30-B,B,M1,31,38.05,141.99,19.7335,146.99987278906062
L30,L30-B,B,M1,32,0.0,147.0,19.6986,147.0
L30,L30-B,B,M1,33,-38.05,141.99,19.7077,146.99987278906062
L30,L30-B,B,M1,34,-73.5,127.31,19.6761,147.00369417126905
L30,L30-B,B,M1,35,-103.94,103.94,19.6936,146.9933576730595
L30,L30-B,B,M1,36,-127.31,73.5,19.7068,147.00369417126905
L30,L30-B,B,M1,37,-141.99,38.05,19.7343,146.99987278906062
L30,L30-B,B,M1,38,-147.0,0.0,19.707,147.0
L30,L30-B,B,M1,39,-141.99,-38.05,19.7302,146.99987278906062
L30,L30-B,B,M1,40,-127.31,-73.5,19.7154,147.00369417126905
L30,L30-B,B,M1,41,-103.94,-103.94,19.7351,146.9933576730595
L30,L30-B,B,M1,42,-73.5,-127.31,19.7014,147.00369417126905
L30,L30-B,B,M1,43,-38.05,-141.99,19.7504,146.99987278906062
L30,L30-B,B,M1,44,-0.0,-147.0,19.6929,147.0
L30,L30-B,B,M1,45,38.05,-141.99,19.6872,146.99987278906062
L30,L30-B,B,M1,46,73.5,-127.31,19.6784,147.00369417126905
L30,L30-B,B,M1,47,103.94,-103.94,19.7492,146.9933576730595
L30,L30-B,B,M1,48,127.31,-73.5,19.7189,147.00369417126905
L30,L30-B,B,M1,49,141.99,-38.05,19.6959,146.99987278906062
